,serial,init_equity,equity,leverage,contract,qty,entry_price,losscut_price,exit_price,limit_price,pl,pred,tradetype,stage,losscut,entrytime,exittime,direction,startup_flag
0,29607,1000.0,1000.0,3.0,ETHUSDT,1.31,2288.88,2265.9912,0.0,1525.521221374046,0.0,1,LONG_CANCEL,0,0,2024-01-01 09:00:00,2024-01-01 09:30:00,upper,1
1,29608,1000.0,1000.0,3.0,ETHUSDT,1.31,2297.11,2274.1389,0.0,1533.751221374046,0.0,1,LONG_CANCEL,0,0,2024-01-01 10:00:00,2024-01-01 10:30:00,upper,0
2,29609,1000.0,1001.3930000000003,3.0,ETHUSDT,1.3,2301.81,2278.7919,2305.42,1532.579230769231,1.3930000000002107,1,LONG_EXIT,0,0,2024-01-01 11:00:00,2024-01-01 12:00:00,upper,0
3,29610,1000.0,993.671,3.0,ETHUSDT,1.3,2306.17,2329.2317000000003,2308.5,3075.400769230769,-6.328999999999997,0,SHORT_EXIT,0,0,2024-01-01 13:30:00,2024-01-01 15:00:00,upper,0
4,29611,995.0640000000003,1011.7866888000005,3.0,ETHUSDT,1.28,2324.5,2301.255,2340.13,1547.1062499999998,16.72268880000021,1,LONG_EXIT,0,0,2024-01-01 18:30:00,2024-01-01 21:00:00,upper,0
5,29612,1000.0,1000.0,3.0,ETHUSDT,1.28,2347.02,2323.5498,0.0,1565.77,0.0,1,LONG_CANCEL,0,0,2024-01-01 23:30:00,2024-01-02 00:00:00,upper,0
6,29613,1000.0,1000.0,3.0,ETHUSDT,1.27,2371.51,2347.7949000000003,0.0,1584.1084251968505,0.0,1,LONG_CANCEL,0,0,2024-01-02 00:30:00,2024-01-02 01:00:00,upper,0
7,29614,1000.0,1000.0,3.0,ETHUSDT,1.24,2411.14,2387.0286,0.0,1604.688387096774,0.0,1,LONG_CANCEL,0,0,2024-01-02 08:30:00,2024-01-02 09:00:00,upper,0
8,29615,1000.0,1000.0,3.0,ETHUSDT,1.26,2375.84,2399.5984000000003,0.0,3169.490793650794,0.0,0,SHORT_CANCEL,0,0,2024-01-02 15:00:00,2024-01-02 15:30:00,upper,0
9,29616,1000.0,998.1859000000002,3.0,ETHUSDT,1.27,2366.86,2390.5286,2365.69,3154.26157480315,-1.8140999999998715,0,SHORT_EXIT,0,0,2024-01-02 16:00:00,2024-01-02 18:00:00,upper,0
10,29617,1000.0,994.4446,3.0,ETHUSDT,1.26,2372.45,2348.7255,2370.66,1578.799206349206,-5.555400000000009,1,LONG_EXIT,0,0,2024-01-03 02:00:00,2024-01-03 03:30:00,upper,0
11,29618,1000.0,987.4011999999996,3.0,ETHUSDT,1.26,2371.63,2395.3463,2379.01,3165.280793650794,-12.598800000000484,0,SHORT_EXIT,0,0,2024-01-03 08:00:00,2024-01-03 09:00:00,upper,0
12,29619,991.8183888000003,988.2453881169602,3.0,ETHUSDT,1.25,2376.23,2352.4677,2375.99,1582.7752889599997,-3.573000683040183,1,LONG_EXIT,0,0,2024-01-03 09:30:00,2024-01-03 10:00:00,upper,0
13,29620,988.2453881169602,988.2453881169602,3.0,ETHUSDT,1.31,2270.43,2293.1342999999997,0.0,3024.8157924556945,0.0,0,SHORT_CANCEL,0,0,2024-01-03 12:30:00,2024-01-03 13:00:00,upper,0
14,29621,988.2453881169602,988.2453881169602,3.0,ETHUSDT,1.32,2240.57,2262.9757,0.0,2989.2407485734548,0.0,0,SHORT_CANCEL,0,0,2024-01-03 13:30:00,2024-01-03 14:00:00,upper,0
15,29622,988.2453881169602,955.3444503361741,3.0,ETHUSDT,1.34,2211.92,2234.0392,2234.0392,2949.4165582962387,-32.90093778078607,0,SHORT_EXIT,0,losscut,2024-01-03 14:30:00,2024-01-03 15:30:00,upper,0
16,29623,955.3444503361741,952.2308136500644,3.0,ETHUSDT,1.3,2210.65,2188.5435,2210.68,1475.7696535875584,-3.113636686109615,1,LONG_EXIT,0,0,2024-01-03 23:00:00,2024-01-03 23:30:00,upper,0
17,29624,952.2308136500644,952.2308136500644,3.0,ETHUSDT,1.28,2224.41,2202.1659,0.0,1480.479676835887,0.0,1,LONG_CANCEL,0,0,2024-01-04 03:00:00,2024-01-04 03:30:00,upper,0
18,29625,952.2308136500644,942.1710519650194,3.0,ETHUSDT,1.26,2269.41,2246.7158999999997,2263.92,1513.6712590078853,-10.059761685045029,1,LONG_EXIT,0,0,2024-01-04 15:30:00,2024-01-04 16:00:00,upper,0
19,29626,942.1710519650194,936.3780874935351,3.0,ETHUSDT,1.26,2246.66,2269.1266,2248.79,2994.4148031468408,-5.792964471484356,0,SHORT_EXIT,0,0,2024-01-05 11:30:00,2024-01-05 12:00:00,upper,0
20,29627,936.3780874935351,936.3780874935351,3.0,ETHUSDT,1.26,2234.45,2212.1054999999997,0.0,1491.2927877035436,0.0,1,LONG_CANCEL,0,0,2024-01-05 20:00:00,2024-01-05 20:30:00,upper,0
21,29628,936.3780874935351,936.3780874935351,3.0,ETHUSDT,1.24,2259.99,2237.3900999999996,0.0,1504.8463810536005,0.0,1,LONG_CANCEL,0,0,2024-01-05 23:30:00,2024-01-06 00:00:00,upper,0
22,29629,936.3780874935351,936.3780874935351,3.0,ETHUSDT,1.26,2235.75,2258.1075,0.0,2978.9072122964562,0.0,0,SHORT_CANCEL,0,0,2024-01-06 06:00:00,2024-01-06 06:30:00,upper,0
23,29630,936.3780874935351,936.3780874935351,3.0,ETHUSDT,1.26,2238.32,2260.7032000000004,0.0,2981.4772122964564,0.0,0,SHORT_CANCEL,0,0,2024-01-06 22:30:00,2024-01-06 23:00:00,upper,0
24,29631,936.3780874935351,931.4736398048062,3.0,ETHUSDT,1.26,2237.82,2260.1982000000003,2239.26,2980.9772122964564,-4.9044476887288715,0,SHORT_EXIT,0,0,2024-01-07 09:30:00,2024-01-07 11:00:00,upper,0
25,29632,931.4736398048062,927.6557767934506,3.0,ETHUSDT,1.24,2246.96,2224.4904,2246.36,1495.7715808025755,-3.817863011355548,1,LONG_EXIT,0,0,2024-01-07 13:30:00,2024-01-07 14:00:00,upper,0
26,29633,927.6557767934506,927.6557767934506,3.0,ETHUSDT,1.24,2237.14,2259.5114,0.0,2985.2494974140727,0.0,0,SHORT_CANCEL,0,0,2024-01-07 15:30:00,2024-01-07 16:00:00,upper,0
27,29634,927.6557767934506,927.6557767934506,3.0,ETHUSDT,1.26,2208.22,2230.3021999999996,0.0,2944.4547434868655,0.0,0,SHORT_CANCEL,0,0,2024-01-08 06:30:00,2024-01-08 07:00:00,upper,0
28,29635,927.6557767934506,927.6557767934506,3.0,ETHUSDT,1.24,2237.83,2215.4517,0.0,1489.7205025859269,0.0,1,LONG_CANCEL,0,0,2024-01-08 12:00:00,2024-01-08 12:30:00,upper,0
29,29636,927.6557767934506,927.6557767934506,3.0,ETHUSDT,1.23,2257.61,2235.0339,0.0,1503.4183115500402,0.0,1,LONG_CANCEL,0,0,2024-01-08 13:00:00,2024-01-08 13:30:00,upper,0
30,29637,927.6557767934506,927.6557767934506,3.0,ETHUSDT,1.21,2298.5,2275.515,0.0,1531.8423332285533,0.0,1,LONG_CANCEL,0,0,2024-01-08 18:00:00,2024-01-08 18:30:00,upper,0
31,29638,927.6557767934506,927.6557767934506,3.0,ETHUSDT,1.19,2337.65,2314.2735000000002,0.0,1558.1073304256718,0.0,1,LONG_CANCEL,0,0,2024-01-08 19:30:00,2024-01-08 20:00:00,upper,0
32,29639,927.6557767934506,927.6557767934506,3.0,ETHUSDT,1.19,2337.55,2314.1745,0.0,1558.0073304256719,0.0,1,LONG_CANCEL,0,0,2024-01-08 22:30:00,2024-01-08 23:00:00,upper,0
33,29640,927.6557767934506,922.9745127300318,3.0,ETHUSDT,1.2,2311.49,2334.6049,2312.84,3084.5364806612088,-4.681264063418733,0,SHORT_EXIT,0,0,2024-01-09 01:30:00,2024-01-09 02:00:00,upper,0
34,29641,922.9745127300318,915.5726968380229,3.0,ETHUSDT,1.2,2304.82,2327.8682000000003,2308.45,3073.9654272750267,-7.401815892008872,0,SHORT_EXIT,0,0,2024-01-09 06:30:00,2024-01-09 07:00:00,upper,0
35,29642,915.5726968380229,915.5726968380229,3.0,ETHUSDT,1.2,2297.28,2320.2528,0.0,3060.2572473650193,0.0,0,SHORT_CANCEL,0,0,2024-01-09 09:00:00,2024-01-09 09:30:00,upper,0
36,29643,915.5726968380229,915.5726968380229,3.0,ETHUSDT,1.19,2314.51,2291.3649,0.0,1545.121179127712,0.0,1,LONG_CANCEL,0,0,2024-01-09 22:00:00,2024-01-09 22:30:00,upper,0
37,29644,915.5726968380229,907.1689069384574,3.0,ETHUSDT,1.16,2374.35,2350.6065,2369.71,1585.0631923810147,-8.403789899565437,1,LONG_EXIT,0,0,2024-01-10 00:30:00,2024-01-10 02:00:00,upper,0
38,29645,907.1689069384574,902.8527495455608,3.0,ETHUSDT,1.15,2361.51,2385.1251,2362.66,3150.352527772572,-4.316157392896673,0,SHORT_EXIT,0,0,2024-01-10 03:00:00,2024-01-10 03:30:00,upper,0
39,29646,902.8527495455608,897.6161354720604,3.0,ETHUSDT,1.14,2380.2,2356.3979999999997,2378.22,1588.2239039074025,-5.236614073500363,1,LONG_EXIT,0,0,2024-01-10 05:30:00,2024-01-10 06:00:00,upper,0
40,29647,897.6161354720604,897.6161354720604,3.0,ETHUSDT,1.12,2405.01,2380.9599000000003,0.0,1603.5670218999464,0.0,1,LONG_CANCEL,0,0,2024-01-10 09:30:00,2024-01-10 10:00:00,upper,0
41,29648,897.6161354720604,874.0746022250025,3.0,ETHUSDT,1.11,2426.62,2402.3538,2408.08,1617.9568148900357,-23.541533247057878,1,LONG_EXIT,0,0,2024-01-10 16:00:00,2024-01-10 16:30:00,upper,0
42,29649,874.0746022250025,874.0746022250025,3.0,ETHUSDT,1.02,2565.74,2540.0825999999997,0.0,1708.8041154656835,0.0,1,LONG_CANCEL,0,0,2024-01-10 23:30:00,2024-01-11 00:00:00,upper,0
43,29650,874.0746022250025,851.0810560376599,3.0,ETHUSDT,1.01,2588.27,2562.3873,2568.36,1722.8496017574232,-22.993546187342634,1,LONG_EXIT,0,0,2024-01-11 01:00:00,2024-01-11 01:30:00,upper,0
44,29651,851.0810560376599,851.0810560376599,3.0,ETHUSDT,0.98,2603.0,2576.97,0.0,1734.5499428187145,0.0,1,LONG_CANCEL,0,0,2024-01-11 04:00:00,2024-01-11 04:30:00,upper,0
45,29652,851.0810560376599,885.1988885527359,3.0,ETHUSDT,0.98,2607.1,2581.029,2644.78,1738.6499428187144,34.11783251507601,1,LONG_EXIT,0,0,2024-01-11 09:00:00,2024-01-11 12:00:00,upper,0
46,29653,885.1988885527359,882.3797322205118,3.0,ETHUSDT,1.02,2604.96,2631.0096,2604.86,3472.8020476007214,-2.819156332224167,0,SHORT_EXIT,0,0,2024-01-11 16:30:00,2024-01-11 17:30:00,upper,0
47,29654,882.3797322205118,853.0018391041838,3.0,ETHUSDT,1.01,2620.4,2594.196,2594.196,1746.7567007717707,-29.377893116327936,1,LONG_EXIT,0,losscut,2024-01-11 20:00:00,2024-01-11 20:30:00,upper,0
48,29655,853.0018391041838,835.0263330351398,3.0,ETHUSDT,0.98,2612.78,2586.6522,2597.31,1742.3699600977718,-17.975506069043966,1,LONG_EXIT,0,0,2024-01-12 06:30:00,2024-01-12 07:30:00,upper,0
49,29656,835.0263330351398,830.3411461361235,3.0,ETHUSDT,0.96,2601.62,2627.6362,2603.63,3471.439096911604,-4.685186899016353,0,SHORT_EXIT,0,0,2024-01-12 08:00:00,2024-01-12 08:30:00,upper,0
50,29657,830.3411461361235,830.3411461361235,3.0,ETHUSDT,0.95,2610.21,2584.1079,0.0,1736.1666882777647,0.0,1,LONG_CANCEL,0,0,2024-01-12 10:00:00,2024-01-12 10:30:00,upper,0
51,29658,830.3411461361235,830.3411461361235,3.0,ETHUSDT,0.94,2639.7,2613.303,0.0,1756.3583551743363,0.0,1,LONG_CANCEL,0,0,2024-01-12 11:30:00,2024-01-12 12:00:00,upper,0
52,29659,830.3411461361235,802.8131723538738,3.0,ETHUSDT,0.93,2665.36,2638.7064,2638.7064,1772.520057918147,-27.527973782249603,1,LONG_EXIT,0,losscut,2024-01-12 13:30:00,2024-01-12 15:30:00,upper,0
53,29660,802.8131723538738,802.8131723538738,3.0,ETHUSDT,0.92,2614.9,2641.049,0.0,3487.5230134281237,0.0,0,SHORT_CANCEL,0,0,2024-01-12 17:30:00,2024-01-12 18:00:00,upper,0
54,29661,802.8131723538738,802.8131723538738,3.0,ETHUSDT,0.94,2551.77,2577.2877,0.0,3405.8265663339084,0.0,0,SHORT_CANCEL,0,0,2024-01-12 21:30:00,2024-01-12 22:00:00,upper,0
55,29662,802.8131723538738,785.8310888851059,3.0,ETHUSDT,0.96,2511.26,2536.3726,2526.19,3347.523721201952,-16.982083468767918,0,SHORT_EXIT,0,0,2024-01-12 22:30:00,2024-01-12 23:00:00,upper,0
56,29663,785.8310888851059,787.5623462917853,3.0,ETHUSDT,0.93,2543.64,2518.2036,2548.29,1698.6603345321441,1.7312574066793212,1,LONG_EXIT,0,0,2024-01-13 03:30:00,2024-01-13 05:00:00,upper,0
57,29664,787.5623462917853,787.5623462917853,3.0,ETHUSDT,0.93,2543.63,2569.0663,0.0,3390.471232571812,0.0,0,SHORT_CANCEL,0,0,2024-01-13 10:00:00,2024-01-13 10:30:00,upper,0
58,29665,787.5623462917853,776.720190549022,3.0,ETHUSDT,0.92,2570.04,2595.7404,2579.0,3426.0860285780273,-10.842155742763234,0,SHORT_EXIT,0,0,2024-01-13 19:30:00,2024-01-13 22:30:00,upper,0
59,29666,776.720190549022,776.720190549022,3.0,ETHUSDT,0.92,2525.05,2499.7995,0.0,1680.7889233162805,0.0,1,LONG_CANCEL,0,0,2024-01-15 10:00:00,2024-01-15 10:30:00,upper,0
60,29667,776.720190549022,776.720190549022,3.0,ETHUSDT,0.92,2535.66,2510.3034,0.0,1691.3989233162802,0.0,1,LONG_CANCEL,0,0,2024-01-15 11:30:00,2024-01-15 12:00:00,upper,0
61,29668,776.720190549022,775.4818139202106,3.0,ETHUSDT,0.92,2530.09,2504.7891,2531.53,1685.8289233162805,-1.2383766288114497,1,LONG_EXIT,0,0,2024-01-16 04:00:00,2024-01-16 04:30:00,upper,0
62,29669,775.4818139202106,766.5287239342741,3.0,ETHUSDT,0.92,2539.64,2514.2436,2532.69,1696.7249848693364,-8.953089985936472,1,LONG_EXIT,0,0,2024-01-16 09:00:00,2024-01-16 10:00:00,upper,0
63,29670,766.5287239342741,765.7181791452906,3.0,ETHUSDT,0.9,2552.09,2526.5691,2554.0,1700.3914178508066,-0.8105447889835089,1,LONG_EXIT,0,0,2024-01-16 15:30:00,2024-01-16 16:00:00,upper,0
64,29671,765.7181791452906,762.4533091541109,3.0,ETHUSDT,0.9,2565.82,2540.1618000000003,2565.0,1715.0220231718995,-3.2648699911797427,1,LONG_EXIT,0,0,2024-01-16 17:00:00,2024-01-16 17:30:00,upper,0
65,29672,762.4533091541109,762.4533091541109,3.0,ETHUSDT,0.88,2595.21,2569.2579,0.0,1728.7857850521468,0.0,1,LONG_CANCEL,0,0,2024-01-16 21:30:00,2024-01-16 22:00:00,upper,0
66,29673,762.4533091541109,762.4533091541109,3.0,ETHUSDT,0.89,2582.49,2608.3149,0.0,3439.179111409113,0.0,0,SHORT_CANCEL,0,0,2024-01-17 02:00:00,2024-01-17 02:30:00,upper,0
67,29674,762.4533091541109,759.1718132339025,3.0,ETHUSDT,0.89,2571.04,2596.7504,2571.9,3427.729111409113,-3.2814959202083385,0,SHORT_EXIT,0,0,2024-01-17 04:30:00,2024-01-17 05:00:00,upper,0
68,29675,759.1718132339025,756.4440462502308,3.0,ETHUSDT,0.89,2550.77,2576.2777,2551.02,3403.7720373414636,-2.727766983671733,0,SHORT_EXIT,0,0,2024-01-17 08:30:00,2024-01-17 09:00:00,upper,0
69,29676,756.4440462502308,747.290580897605,3.0,ETHUSDT,0.89,2545.52,2570.9752,2553.0,3395.457130618237,-9.153465352625865,0,SHORT_EXIT,0,0,2024-01-17 12:00:00,2024-01-17 12:30:00,upper,0
70,29677,747.290580897605,748.5645219806427,3.0,ETHUSDT,0.88,2537.45,2562.8244999999997,2533.2,3386.643841929096,1.273941083037685,0,SHORT_EXIT,0,0,2024-01-17 17:00:00,2024-01-17 18:30:00,upper,0
71,29678,748.5645219806427,748.5645219806427,3.0,ETHUSDT,0.89,2525.75,2551.0075,0.0,3366.83373256252,0.0,0,SHORT_CANCEL,0,0,2024-01-18 11:00:00,2024-01-18 11:30:00,upper,0
72,29679,748.5645219806427,748.5645219806427,3.0,ETHUSDT,0.89,2517.19,2542.3619,0.0,3358.27373256252,0.0,0,SHORT_CANCEL,0,0,2024-01-18 12:30:00,2024-01-18 13:00:00,upper,0
73,29680,748.5645219806427,745.8984590581066,3.0,ETHUSDT,0.89,2526.38,2501.1162,2526.16,1685.2962674374803,-2.6660629225360837,1,LONG_EXIT,0,0,2024-01-18 15:00:00,2024-01-18 15:30:00,upper,0
74,29681,745.8984590581066,745.8984590581066,3.0,ETHUSDT,0.89,2502.43,2527.4543,0.0,3340.5181562450634,0.0,0,SHORT_CANCEL,0,0,2024-01-18 17:00:00,2024-01-18 17:30:00,upper,0
75,29682,745.8984590581066,759.6009941432151,3.0,ETHUSDT,0.9,2474.84,2499.5884,2456.88,3303.6160656201187,13.702535085108462,0,SHORT_EXIT,0,0,2024-01-18 18:30:00,2024-01-18 21:00:00,upper,0
76,29683,759.6009941432151,751.0958108625423,3.0,ETHUSDT,0.93,2460.64,2485.2464,2467.09,3277.4152625195857,-8.505183280672759,0,SHORT_EXIT,0,0,2024-01-19 04:30:00,2024-01-19 05:00:00,upper,0
77,29684,751.0958108625423,751.0958108625423,3.0,ETHUSDT,0.91,2471.67,2446.9533,0.0,1646.2899880631403,0.0,1,LONG_CANCEL,0,0,2024-01-19 09:00:00,2024-01-19 09:30:00,upper,0
78,29685,751.0958108625423,751.0958108625423,3.0,ETHUSDT,0.91,2481.25,2456.4375,0.0,1655.8699880631402,0.0,1,LONG_CANCEL,0,0,2024-01-19 10:00:00,2024-01-19 10:30:00,upper,0
79,29686,751.0958108625423,750.4553946866961,3.0,ETHUSDT,0.91,2487.04,2462.1696,2489.06,1661.6599880631402,-0.640416175846247,1,LONG_EXIT,0,0,2024-01-19 11:00:00,2024-01-19 11:30:00,upper,0
80,29687,750.4553946866961,750.4553946866961,3.0,ETHUSDT,0.92,2447.43,2471.9042999999997,0.0,3263.1423855290172,0.0,0,SHORT_CANCEL,0,0,2024-01-19 16:30:00,2024-01-19 17:00:00,upper,0
81,29688,750.4553946866961,750.4553946866961,3.0,ETHUSDT,0.91,2479.24,2454.4476,0.0,1654.5637421025317,0.0,1,LONG_CANCEL,0,0,2024-01-19 18:30:00,2024-01-19 19:00:00,upper,0
82,29689,750.4553946866961,745.7129918842301,3.0,ETHUSDT,0.91,2487.08,2462.2092,2484.59,1662.4037421025319,-4.742402802465971,1,LONG_EXIT,0,0,2024-01-19 19:30:00,2024-01-19 20:30:00,upper,0
83,29690,745.7129918842301,747.2121390110121,3.0,ETHUSDT,0.9,2476.89,2501.6589,2472.49,3305.459990982478,1.499147126782077,0,SHORT_EXIT,0,0,2024-01-20 08:30:00,2024-01-20 10:00:00,upper,0
84,29691,747.2121390110121,747.2121390110121,3.0,ETHUSDT,0.91,2464.85,2440.2015,0.0,1643.737759328558,0.0,1,LONG_CANCEL,0,0,2024-01-20 20:30:00,2024-01-20 21:00:00,upper,0
85,29692,747.2121390110121,744.5188389522758,3.0,ETHUSDT,0.91,2475.33,2450.5767,2475.08,1654.217759328558,-2.693300058736304,1,LONG_EXIT,0,0,2024-01-21 03:00:00,2024-01-21 03:30:00,upper,0
86,29693,744.5188389522758,738.1919267837334,3.0,ETHUSDT,0.9,2471.01,2495.7201,2475.31,3298.253154391418,-6.3269121685424015,0,SHORT_EXIT,0,0,2024-01-21 07:00:00,2024-01-21 07:30:00,upper,0
87,29694,738.1919267837334,735.9516934253475,3.0,ETHUSDT,0.89,2478.54,2453.7545999999998,2478.76,1649.110868782322,-2.2402333583859027,1,LONG_EXIT,0,0,2024-01-21 10:30:00,2024-01-21 11:00:00,upper,0
88,29695,735.9516934253475,732.4105528370436,3.0,ETHUSDT,0.89,2469.79,2494.4879,2471.04,3296.70201508466,-3.5411405883038287,0,SHORT_EXIT,0,0,2024-01-21 16:00:00,2024-01-21 16:30:00,upper,0
89,29696,732.4105528370436,728.2135980126816,3.0,ETHUSDT,0.89,2459.63,2484.2263000000003,2461.63,3282.5632054348807,-4.196954824361989,0,SHORT_EXIT,0,0,2024-01-21 23:30:00,2024-01-22 00:30:00,upper,0
90,29697,728.2135980126816,727.8534931392398,3.0,ETHUSDT,0.9,2415.71,2439.8671,2413.44,3224.836220014091,-0.36010487344172937,0,SHORT_EXIT,0,0,2024-01-22 08:30:00,2024-01-22 09:00:00,upper,0
91,29698,727.8534931392398,715.9479766118803,3.0,ETHUSDT,0.92,2385.08,2408.9308,2395.41,3176.225101238304,-11.905516527359497,0,SHORT_EXIT,0,0,2024-01-22 10:30:00,2024-01-22 13:00:00,upper,0
92,29699,715.9479766118803,740.3481482890611,3.0,ETHUSDT,0.92,2343.34,2366.7734,2314.25,3121.544322404218,24.400171677180765,0,SHORT_EXIT,0,0,2024-01-22 19:30:00,2024-01-22 23:30:00,upper,0
93,29700,740.3481482890611,740.3481482890611,3.0,ETHUSDT,0.95,2335.9,2312.541,0.0,1556.5861596957252,0.0,1,LONG_CANCEL,0,0,2024-01-23 03:00:00,2024-01-23 03:30:00,upper,0
94,29701,740.3481482890611,740.3481482890611,3.0,ETHUSDT,0.95,2342.6,2366.026,0.0,3121.913840304275,0.0,0,SHORT_CANCEL,0,0,2024-01-23 04:30:00,2024-01-23 05:00:00,upper,0
95,29702,740.3481482890611,740.3481482890611,3.0,ETHUSDT,0.99,2254.76,2277.3076,0.0,3002.586412413193,0.0,0,SHORT_CANCEL,0,0,2024-01-23 09:30:00,2024-01-23 10:00:00,upper,0
96,29703,740.3481482890611,740.3481482890611,3.0,ETHUSDT,0.99,2237.9,2260.279,0.0,2985.726412413193,0.0,0,SHORT_CANCEL,0,0,2024-01-23 10:30:00,2024-01-23 11:00:00,upper,0
97,29704,740.3481482890611,740.3481482890611,3.0,ETHUSDT,1.01,2204.58,2226.6258,0.0,2937.5979686030305,0.0,0,SHORT_CANCEL,0,0,2024-01-23 14:00:00,2024-01-23 14:30:00,upper,0
98,29705,740.3481482890611,740.3481482890611,3.0,ETHUSDT,1.01,2197.24,2219.2124,0.0,2930.2579686030303,0.0,0,SHORT_CANCEL,0,0,2024-01-23 19:00:00,2024-01-23 19:30:00,upper,0
99,29706,740.3481482890611,740.3481482890611,3.0,ETHUSDT,1.0,2213.77,2191.6322999999998,0.0,1473.4218517109389,0.0,1,LONG_CANCEL,0,0,2024-01-23 22:30:00,2024-01-23 23:00:00,upper,0
100,29707,740.3481482890611,736.1823993997067,3.0,ETHUSDT,0.99,2232.53,2210.2047000000002,2230.79,1484.7035875868073,-4.165748889354413,1,LONG_EXIT,0,0,2024-01-23 23:30:00,2024-01-24 01:00:00,upper,0
101,29708,736.1823993997067,726.0029974816877,3.0,ETHUSDT,1.0,2218.31,2240.4931,2226.06,2954.4923993997068,-10.179401918019032,0,SHORT_EXIT,0,0,2024-01-24 03:30:00,2024-01-24 05:00:00,upper,0
102,29709,726.0029974816877,726.0029974816877,3.0,ETHUSDT,0.97,2238.8,2261.188,0.0,2987.2566984347295,0.0,0,SHORT_CANCEL,0,0,2024-01-24 13:00:00,2024-01-24 13:30:00,upper,0
103,29710,726.0029974816877,724.8909875899982,3.0,ETHUSDT,0.98,2231.19,2253.5019,2229.88,2972.009385185396,-1.1120098916894134,0,SHORT_EXIT,0,0,2024-01-24 14:00:00,2024-01-24 14:30:00,upper,0
104,29711,724.8909875899982,726.2816473309512,3.0,ETHUSDT,0.98,2221.08,2243.2907999999998,2217.22,2960.764681214284,1.390659740952958,0,SHORT_EXIT,0,0,2024-01-24 19:00:00,2024-01-24 21:30:00,upper,0
105,29712,726.2816473309512,721.709317894759,3.0,ETHUSDT,0.98,2228.64,2206.3536,2226.42,1487.5362782337231,-4.57232943619217,1,LONG_EXIT,0,0,2024-01-24 23:30:00,2024-01-25 01:00:00,upper,0
106,29713,721.709317894759,721.709317894759,3.0,ETHUSDT,0.98,2220.21,2242.4121,0.0,2956.648079484448,0.0,0,SHORT_CANCEL,0,0,2024-01-25 02:00:00,2024-01-25 02:30:00,upper,0
107,29714,721.709317894759,721.709317894759,3.0,ETHUSDT,0.98,2218.46,2240.6446,0.0,2954.898079484448,0.0,0,SHORT_CANCEL,0,0,2024-01-25 12:30:00,2024-01-25 13:00:00,upper,0
108,29715,721.709317894759,721.709317894759,3.0,ETHUSDT,0.99,2197.64,2219.6164,0.0,2926.639311004807,0.0,0,SHORT_CANCEL,0,0,2024-01-25 15:30:00,2024-01-25 16:00:00,upper,0
109,29716,721.709317894759,712.114877145706,3.0,ETHUSDT,0.98,2205.5,2227.555,2212.86,2941.938079484448,-9.594440749052948,0,SHORT_EXIT,0,0,2024-01-26 07:30:00,2024-01-26 08:00:00,upper,0
110,29717,712.114877145706,712.114877145706,3.0,ETHUSDT,0.96,2233.32,2210.9868,0.0,1491.5336696398897,0.0,1,LONG_CANCEL,0,0,2024-01-26 11:00:00,2024-01-26 11:30:00,upper,0
111,29718,712.114877145706,712.114877145706,3.0,ETHUSDT,0.95,2259.17,2281.7617,0.0,3008.764607521796,0.0,0,SHORT_CANCEL,0,0,2024-01-26 20:30:00,2024-01-26 21:00:00,upper,0
112,29719,712.114877145706,712.114877145706,3.0,ETHUSDT,0.94,2263.08,2240.4492,0.0,1505.510981759887,0.0,1,LONG_CANCEL,0,0,2024-01-26 22:30:00,2024-01-26 23:00:00,upper,0
113,29720,712.114877145706,712.114877145706,3.0,ETHUSDT,0.95,2260.55,2283.1555000000003,0.0,3010.144607521796,0.0,0,SHORT_CANCEL,0,0,2024-01-27 07:30:00,2024-01-27 08:00:00,upper,0
114,29721,712.114877145706,709.435898051125,3.0,ETHUSDT,0.94,2263.1,2240.469,2262.75,1505.530981759887,-2.6789790945810084,1,LONG_EXIT,0,0,2024-01-27 10:00:00,2024-01-27 12:30:00,upper,0
115,29722,709.435898051125,708.8243595875564,3.0,ETHUSDT,0.94,2266.44,2289.1044,2264.6,3021.1590404799203,-0.6115384635685941,0,SHORT_EXIT,0,0,2024-01-27 17:00:00,2024-01-27 17:30:00,upper,0
116,29723,708.8243595875564,706.8142392009177,3.0,ETHUSDT,0.94,2269.93,2247.2306999999996,2270.28,1515.8615323536633,-2.010120386638758,1,LONG_EXIT,0,0,2024-01-27 19:30:00,2024-01-27 20:30:00,upper,0
117,29724,706.8142392009177,704.9799522115546,3.0,ETHUSDT,0.94,2267.02,2289.6902,2266.49,3018.950041703104,-1.8342869893630311,0,SHORT_EXIT,0,0,2024-01-27 23:00:00,2024-01-28 00:30:00,upper,0
118,29725,704.9799522115546,713.469418369257,3.0,ETHUSDT,0.93,2277.74,2254.9626,2289.37,1519.6970406327368,8.489466157702381,1,LONG_EXIT,0,0,2024-01-28 03:00:00,2024-01-28 05:30:00,upper,0
119,29726,713.469418369257,713.4743692886383,3.0,ETHUSDT,0.94,2288.35,2311.2335,2285.84,3047.360019541763,0.004950919381275121,0,SHORT_EXIT,0,0,2024-01-28 06:30:00,2024-01-28 08:00:00,upper,0
120,29727,713.4743692886383,713.4743692886383,3.0,ETHUSDT,0.94,2284.52,2307.3652,0.0,3043.535286477275,0.0,0,SHORT_CANCEL,0,0,2024-01-28 11:30:00,2024-01-28 12:00:00,upper,0
121,29728,713.4743692886383,705.9994038699858,3.0,ETHUSDT,0.95,2259.46,2236.8654,2254.07,1508.4343481172227,-7.474965418652499,1,LONG_EXIT,0,0,2024-01-28 21:00:00,2024-01-28 22:00:00,upper,0
122,29729,705.9994038699858,716.9894058372151,3.0,ETHUSDT,0.94,2253.22,2230.6877999999997,2267.39,1502.1568043936318,10.990001967229261,1,LONG_EXIT,0,0,2024-01-28 23:00:00,2024-01-29 04:00:00,upper,0
123,29730,716.9894058372151,712.5428407979523,3.0,ETHUSDT,0.95,2260.61,2283.2161,2262.8,3015.3356903549634,-4.446565039262839,0,SHORT_EXIT,0,0,2024-01-29 08:00:00,2024-01-29 09:00:00,upper,0
124,29731,712.5428407979523,712.5428407979523,3.0,ETHUSDT,0.94,2267.43,2290.1043,0.0,3025.4542987212258,0.0,0,SHORT_CANCEL,0,0,2024-01-29 10:00:00,2024-01-29 10:30:00,upper,0
125,29732,712.5428407979523,703.7524494233191,3.0,ETHUSDT,0.94,2270.37,2247.6663,2263.52,1512.345701278774,-8.790391374633094,1,LONG_EXIT,0,0,2024-01-29 11:00:00,2024-01-29 11:30:00,upper,0
126,29733,703.7524494233191,703.7524494233191,3.0,ETHUSDT,0.94,2255.66,2278.2165999999997,0.0,3004.3328185354458,0.0,0,SHORT_CANCEL,0,0,2024-01-29 13:00:00,2024-01-29 13:30:00,upper,0
127,29734,703.7524494233191,703.7524494233191,3.0,ETHUSDT,0.92,2289.34,2266.4466,0.0,1524.391685409436,0.0,1,LONG_CANCEL,0,0,2024-01-29 17:00:00,2024-01-29 17:30:00,upper,0
128,29735,703.7524494233191,701.3472663402225,3.0,ETHUSDT,0.92,2299.95,2276.9505,2299.86,1535.0016854094356,-2.4051830830966323,1,LONG_EXIT,0,0,2024-01-29 18:00:00,2024-01-29 18:30:00,upper,0
129,29736,701.3472663402225,701.3472663402225,3.0,ETHUSDT,0.91,2303.3,2280.2670000000003,0.0,1532.5887183074478,0.0,1,LONG_CANCEL,0,0,2024-01-29 21:30:00,2024-01-29 22:00:00,upper,0
130,29737,701.3472663402225,699.0510203612997,3.0,ETHUSDT,0.91,2307.35,2284.2765,2307.37,1536.6387183074476,-2.2962459789227556,1,LONG_EXIT,0,0,2024-01-30 07:30:00,2024-01-30 08:30:00,upper,0
131,29738,699.0510203612997,699.0510203612997,3.0,ETHUSDT,0.89,2349.93,2326.4307,0.0,1564.4794153243822,0.0,1,LONG_CANCEL,0,0,2024-01-30 16:30:00,2024-01-30 17:00:00,upper,0
