start_at,open,high,low,close,volume,turnover,date,rsi,upper1,lower1,middle,upper2,lower2,upper3,lower3,bbvi,macd,macdsignal,macdhist,p_di,m_di,adx,adxr,volume_ma,volume_ma_diff,middle_diff,band_diff,di_diff,sma,ema,upper_diff,lower_diff,ema_diff,sma_diff,rsi_sell,rsi_buy,dmi_diff,macd_diff,bol_diff,pandl,state,bb_direction,entry_price,exit_price,current_profit,bb_profit,prediction,profit_ma,entry_type,max_pandl,min_pandl,exit_reason,entry_volume
2021-03-23 00:00:00,1682.1,1713.95,1668.65,1701.55,9847.92,16756728.276,2021-03-23 00:00:00,32.72,1817.35,1731.33,1774.34,1860.36,1688.33,1903.37,1645.32,9.69,-21.02,-9.02,-11.99,11.14,35.51,29.8,28.48,10493.067857142856,328.16,72.78999999999996,27.5,-0.28,1761.84,1720.88,158.80999999999995,-13.220000000000027,19.330000000000155,60.289999999999964,-37.28,2.719999999999999,-24.369999999999997,-12.0,172.02999999999997,0.0,EntryPreparationState,lower,1701.55,1664.45,0.0,-68.71094884076255,1,0.0,None,67.13577914254638,-279.8419764332519,None,0
2021-04-07 12:00:00,1980.85,2011.4,1932.0,1977.8,37063.77,73304724.306,2021-04-07 12:00:00,38.45,2104.33,2019.71,2062.02,2146.64,1977.4,2188.95,1935.1,8.2,7.5,25.98,-18.47,13.66,28.47,27.93,31.97,21571.535714285714,1385.94,84.22000000000003,19.4,-5.09,2074.76,2021.0,168.83999999999992,-0.3999999999998636,43.200000000000045,96.96000000000026,-31.549999999999997,8.450000000000003,-14.809999999999999,-18.48,169.23999999999978,0.0,EntryPreparationState,lower,1977.8,2061.15,0.0,123.1283547375876,1,0.0,None,123.88677318232403,-59.498806754980066,None,0
2021-04-18 04:00:00,2157.75,2229.1,2128.85,2209.05,45125.82,99685192.671,2021-04-18 04:00:00,38.25,2445.86,2264.5,2355.18,2536.53,2173.82,2627.21,2083.14,15.4,-10.59,28.12,-38.71,10.2,42.04,29.54,35.19,31168.915,1294.77,146.12999999999965,77.0,-2.34,2355.6,2252.37,327.48,-35.23000000000002,43.31999999999971,146.54999999999973,-31.75,8.25,-31.84,-38.71,362.71000000000004,0.0,EntryPreparationState,lower,2209.05,2323.75,0.0,152.4683166972224,1,0.0,None,152.87573164935174,-232.47091057241806,None,0
2021-05-16 20:00:00,3423.2,3586.25,3353.0,3580.95,54407.94,194832112.743,2021-05-16 20:00:00,41.04,3975.03,3616.6,3795.81,4154.25,3437.38,4333.47,3258.16,18.88,-84.48,-41.71,-42.76,9.64,34.51,34.89,32.58,35067.94357142857,1666.64,214.86000000000013,44.42,0.89,3712.81,3601.1,573.3000000000002,-143.5699999999997,20.15000000000009,131.86000000000013,-28.96,11.04,-24.869999999999997,-42.77,716.8699999999999,0.0,EntryPreparationState,lower,3580.95,2367.05,0.0,-1020.2647719180661,1,0.0,None,0.8888325723621162,-1553.9639299627192,None,0
2021-06-08 04:00:00,2489.1,2527.0,2435.65,2512.0,55312.98,138946205.76,2021-06-08 04:00:00,37.71,2755.63,2583.76,2669.69,2841.57,2497.82,2927.5,2411.88,12.87,-20.25,5.15,-25.41,14.75,30.87,15.02,14.72,37732.59428571429,1766.54,157.69000000000005,48.44,-1.35,2684.52,2571.06,329.57000000000016,-14.179999999999836,59.059999999999945,172.51999999999998,-32.29,7.710000000000001,-16.12,-25.4,343.75,0.0,EntryPreparationState,lower,2512.0,2609.35,0.0,112.96194267515939,1,0.0,None,131.65222929936334,-247.94570063694238,None,0
2021-06-12 00:00:00,2353.0,2365.0,2255.35,2301.55,48972.78,112713301.809,2021-06-12 00:00:00,30.51,2548.16,2396.65,2472.4,2623.91,2320.9,2699.66,2245.14,12.25,-63.28,-47.93,-15.35,8.24,30.47,32.17,28.41,29147.879999999997,663.36,170.8499999999999,41.1,-4.33,2420.27,2359.61,322.3599999999997,19.34999999999991,58.059999999999945,118.7199999999998,-39.489999999999995,0.5100000000000016,-22.229999999999997,-15.350000000000001,303.00999999999976,0.0,EntryPreparationState,lower,2301.55,2428.1,0.0,161.65405270361242,1,0.0,None,192.02488974821307,-35.886735026395215,None,0
2021-06-18 20:00:00,2151.95,2233.7,2150.1,2230.3,18188.18,40565097.854,2021-06-18 20:00:00,35.47,2463.6,2254.2,2358.9,2568.3,2149.5,2673.0,2044.8,17.75,-66.79,-42.68,-24.1,7.85,32.42,32.65,27.93,26382.262857142858,-821.96,128.5999999999999,4.0,1.15,2302.5,2233.04,338.0,-80.80000000000018,2.7399999999997817,72.19999999999982,-34.53,5.469999999999999,-24.57,-24.110000000000007,418.8000000000002,0.0,EntryPreparationState,lower,2230.3,2241.3,0.0,11.496215755727643,1,0.0,None,59.516661435681,-259.27453257409326,None,0
2021-06-21 08:00:00,2011.05,2053.3,1891.35,1967.95,109378.76,215251930.742,2021-06-21 08:00:00,31.65,2277.05,2099.05,2188.05,2366.06,2010.04,2455.06,1921.04,16.27,-81.43,-69.76,-11.67,13.67,41.96,39.32,37.43,36512.133571428574,5825.84,220.10000000000014,25.39,-5.8,2129.46,2055.1,398.1099999999999,42.08999999999992,87.14999999999986,161.51,-38.35,1.6499999999999986,-28.29,-11.670000000000002,356.02,0.0,EntryPreparationState,lower,1967.95,1985.3,0.0,23.148842704336584,1,0.0,None,111.10839452221826,-414.7433801671794,None,0
2021-06-25 12:00:00,1852.35,1879.05,1790.5,1824.4,47614.85,86868532.34,2021-06-25 12:00:00,35.51,2014.26,1897.53,1955.89,2072.62,1839.17,2130.98,1780.8,11.93,-46.86,-47.06,0.2,13.67,32.34,31.72,36.54,26659.975000000002,1482.91,131.49,19.96,-5.27,1942.78,1883.7,248.2199999999998,14.769999999999982,59.299999999999955,118.37999999999988,-34.49,5.509999999999998,-18.67,0.20000000000000284,233.44999999999982,0.0,EntryPreparationState,lower,1824.4,1880.5,0.0,88.94950668713018,1,0.0,None,101.8578601183951,-181.5503836877877,None,0
2021-07-12 20:00:00,2020.0,2041.7,2010.1,2031.9,18790.31,38180030.889,2021-07-12 20:00:00,35.26,2150.77,2079.83,2115.3,2186.24,2044.35,2221.71,2008.88,6.7,-31.37,-25.78,-5.59,13.89,26.7,17.93,20.98,28644.39214285714,-595.86,83.40000000000009,15.48,-1.39,2106.89,2057.4,154.3399999999997,12.449999999999818,25.5,74.98999999999978,-34.74,5.259999999999998,-12.809999999999999,-5.59,141.88999999999987,0.0,EntryPreparationState,lower,2031.9,1980.1,0.0,-79.78014173925912,1,0.0,None,17.887066292632607,-281.0941827845857,None,0
2021-07-19 16:00:00,1818.85,1831.3,1809.2,1824.0,24251.74,44235173.76,2021-07-19 16:00:00,36.95,1933.81,1853.12,1893.47,1974.16,1812.77,2014.51,1772.43,8.52,-28.22,-23.08,-5.13,15.42,28.87,19.34,21.35,36742.91357142857,-2125.23,69.47000000000003,7.8,-1.17,1880.7,1843.66,150.16000000000008,-11.230000000000018,19.660000000000082,56.700000000000045,-33.05,6.950000000000003,-13.450000000000001,-5.140000000000001,161.3900000000001,0.0,EntryPreparationState,lower,1824.0,1873.35,0.0,77.86776315789457,1,0.0,None,88.14736842105249,-178.46447368421087,None,0
2021-08-18 00:00:00,3016.3,3054.0,2951.1,3052.4,54732.38,167065116.712,2021-08-18 00:00:00,40.03,3246.93,3097.48,3172.2,3321.65,3022.75,3396.38,2948.03,9.42,-26.03,-1.75,-24.28,13.53,29.37,15.55,15.68,36952.93785714286,1568.25,119.79999999999973,33.98,-4.0,3145.43,3084.25,269.25,-29.65000000000009,31.84999999999991,93.02999999999975,-29.97,10.030000000000001,-15.840000000000002,-24.28,298.9000000000001,0.0,EntryPreparationState,lower,3052.4,3147.1,0.0,89.77430218844184,1,0.0,None,107.36701611846429,-93.13095269296291,None,0
2021-09-07 12:00:00,3751.2,3777.0,2960.0,3451.85,245219.68,846461552.408,2021-09-07 12:00:00,24.17,3944.05,3730.1,3837.07,4051.02,3623.12,4158.0,3516.15,11.15,-3.85,48.04,-51.89,9.23,55.07,36.45,39.1,38929.29857142857,16419.85,385.22000000000025,275.63,-34.34,3851.1,3689.13,599.1700000000001,171.26999999999998,237.2800000000002,399.25,-45.83,-5.829999999999998,-45.84,-51.89,427.9000000000001,0.0,EntryPreparationState,lower,3451.85,3437.85,0.0,-15.467388501817641,1,0.0,None,106.51068122890611,-275.1107681388242,None,0
2021-09-20 04:00:00,3191.45,3219.0,3093.0,3127.65,30289.16,94733891.274,2021-09-20 04:00:00,26.97,3478.56,3271.64,3375.1,3582.01,3168.19,3685.47,3064.73,12.26,-59.27,-24.62,-34.65,9.79,33.83,24.63,23.22,20696.579999999998,768.94,247.44999999999982,72.41,-4.5,3330.12,3223.5,454.3600000000001,40.539999999999964,95.84999999999991,202.4699999999998,-43.03,-3.030000000000001,-24.04,-34.650000000000006,413.82000000000016,0.0,EntryPreparationState,lower,3127.65,3077.75,0.0,-51.16341182677097,1,0.0,None,46.86545969018216,-466.25141719821596,None,0
2021-09-24 12:00:00,2825.85,2938.95,2767.75,2876.8,63900.13,183827893.984,2021-09-24 12:00:00,38.49,3158.11,2929.53,3043.82,3272.4,2815.25,3386.69,2700.96,15.01,-52.7,-49.83,-2.86,9.96,35.51,40.21,44.27,32947.616428571426,2766.69,167.01999999999998,5.61,-0.39,3050.87,2944.27,395.5999999999999,-61.55000000000018,67.4699999999998,174.0699999999997,-31.509999999999998,8.490000000000002,-25.549999999999997,-2.8700000000000045,457.1500000000001,0.0,EntryPreparationState,lower,2876.8,2972.3,0.0,96.28982202447169,1,0.0,None,156.40870411568375,-149.55625695216878,None,0
2021-10-11 00:00:00,3414.8,3526.5,3366.85,3520.0,25075.26,87377994.9015,2021-10-11 00:00:00,48.31,3593.23,3500.12,3546.68,3639.79,3453.57,3686.34,3407.01,5.25,1.82,22.22,-20.4,10.94,27.94,21.06,23.02,16680.84285714286,1005.76,26.679999999999836,29.47,-2.92,3541.49,3506.27,119.78999999999996,-66.42999999999984,-13.730000000000018,21.48999999999978,-21.689999999999998,18.310000000000002,-17.0,-20.4,186.2199999999998,0.0,EntryPreparationState,lower,3520.0,3579.95,0.0,47.79375,1,0.0,None,54.99545454545451,-23.413636363636034,None,0
2021-11-16 04:00:00,4310.1,4365.75,4266.5,4311.45,24454.16,105599149.2725,2021-11-16 04:00:00,29.46,4688.13,4476.35,4582.24,4794.02,4370.45,4899.91,4264.56,9.24,-56.17,-23.43,-32.73,12.76,37.19,15.95,14.47,19430.841428571428,1396.22,270.78999999999996,140.33,-2.57,4575.96,4419.66,482.5700000000006,59.0,108.21000000000004,264.5100000000002,-40.54,-0.5399999999999991,-24.43,-32.74,423.5700000000006,0.0,EntryPreparationState,lower,4311.45,4218.1,0.0,-68.25494555196,1,0.0,None,21.40166649271141,-249.09897714226037,None,0
2021-11-22 20:00:00,4066.45,4115.0,4018.55,4087.15,18474.0,75205212.4895,2021-11-22 20:00:00,39.25,4323.13,4134.46,4228.79,4417.46,4040.12,4511.8,3945.79,8.92,-39.87,-18.79,-21.07,15.75,25.99,21.88,25.62,17774.847142857143,156.52,141.63999999999987,33.14,-3.87,4209.98,4129.39,330.30999999999995,-47.0300000000002,42.24000000000024,122.82999999999947,-30.75,9.25,-10.239999999999998,-21.08,377.34000000000015,0.0,EntryPreparationState,lower,4087.15,4272.85,0.0,133.00524937915196,1,0.0,None,176.38511065167648,-42.12901288183666,None,0
2021-11-26 12:00:00,3980.8,4123.8,3909.7,4064.2,37280.82,150095050.6965,2021-11-26 12:00:00,39.52,4417.25,4149.89,4283.57,4550.93,4016.21,4684.61,3882.53,12.48,-6.88,22.84,-29.72,17.24,36.49,17.61,16.1,21293.51714285714,1766.5,219.3699999999999,18.0,-6.43,4335.0,4168.64,486.7300000000005,-47.98999999999978,104.44000000000051,270.8000000000002,-30.479999999999997,9.520000000000003,-19.250000000000004,-29.72,534.7200000000003,0.0,EntryPreparationState,lower,4064.2,4297.9,0.0,169.20627429752466,1,0.0,None,170.75639486245763,-78.84992372422612,None,0
2021-12-03 20:00:00,4230.4,4254.75,4025.0,4219.25,56130.81,233661578.509,2021-12-03 20:00:00,35.95,4616.6,4332.08,4474.34,4758.86,4189.82,4901.11,4047.56,12.71,-14.53,36.05,-50.58,12.79,35.13,17.95,22.06,24042.969999999998,2598.17,255.09000000000015,127.7,-8.63,4461.81,4333.43,539.6099999999997,-29.43000000000029,114.18000000000029,242.5600000000004,-34.05,5.950000000000003,-22.340000000000003,-50.58,569.04,0.0,EntryPreparationState,lower,4219.25,4192.85,0.0,-22.071108609349995,1,0.0,None,15.7199680037922,-607.1395449428217,None,0
2021-12-13 16:00:00,3805.75,3877.45,3661.1,3761.9,62654.54,236030755.1045,2021-12-13 16:00:00,33.08,4105.01,3925.36,4015.18,4194.83,3835.53,4284.66,3745.71,8.94,-73.1,-53.97,-19.12,9.04,32.82,30.95,29.71,21439.70785714286,2525.34,253.27999999999975,64.09,-4.49,3987.1,3865.5,432.92999999999984,73.63000000000011,103.59999999999991,225.19999999999982,-36.92,3.0799999999999983,-23.78,-19.129999999999995,359.2999999999997,0.0,EntryPreparationState,lower,3761.9,3967.65,0.0,160.77932161939424,1,0.0,None,175.532504851272,-103.66151944496123,None,0
2021-12-28 04:00:00,3960.0,3960.0,3862.0,3917.05,23651.29,92474547.991,2021-12-28 04:00:00,34.58,4077.08,3992.22,4034.65,4119.5,3949.8,4161.93,3907.37,4.2,-8.08,8.21,-16.3,18.6,33.32,14.99,13.79,11807.44,766.29,117.59999999999991,56.26,-10.16,4037.86,3978.9,202.44999999999982,32.75,61.84999999999991,120.80999999999995,-35.42,4.579999999999998,-14.719999999999999,-16.29,169.69999999999982,0.0,EntryPreparationState,lower,3917.05,3763.4,0.0,-120.97784429609037,1,0.0,None,8.800943311931132,-261.4406926130635,None,0
2022-01-05 20:00:00,3653.0,3663.2,3399.0,3538.2,77522.78,275200694.997,2022-01-05 20:00:00,30.2,3825.62,3686.49,3756.05,3895.18,3616.92,3964.75,3547.36,7.4,-22.19,-1.46,-20.72,12.93,42.84,16.66,18.13,20686.461428571427,4356.14,217.85000000000036,116.0,-21.02,3762.96,3663.07,356.98,78.72000000000025,124.87000000000035,224.76000000000022,-39.8,0.1999999999999993,-29.910000000000004,-20.73,278.25999999999976,0.0,EntryPreparationState,lower,3538.2,3235.9,0.0,-259.61677123961346,1,0.0,None,6.662692894692281,-522.2079192809904,None,0
2022-01-21 00:00:00,3001.95,3033.0,2809.0,2837.7,88474.64,257911379.779,2022-01-21 00:00:00,28.43,3213.92,3041.01,3127.47,3300.38,2954.55,3386.84,2868.09,11.05,-51.86,-36.79,-15.07,14.9,41.23,28.43,28.61,28140.847142857143,4548.77,289.77,108.09,-16.24,3104.84,3006.63,462.6800000000003,116.85000000000036,168.9300000000003,267.1400000000003,-41.57,-1.5700000000000003,-26.33,-15.07,345.8299999999999,0.0,EntryPreparationState,lower,2837.7,2474.9,0.0,-386.8500581456813,1,0.0,None,59.127317898298045,-725.0464848292629,None,0
2022-02-12 00:00:00,2926.7,2957.85,2911.0,2933.55,14094.59,41380373.0615,2022-02-12 00:00:00,35.93,3164.91,2984.95,3074.93,3254.89,2894.97,3344.87,2804.99,11.7,-19.49,14.61,-34.1,16.74,31.7,23.93,29.57,32332.225714285712,-721.12,141.37999999999965,42.32,-1.41,3044.5,2976.06,321.3399999999997,-38.58000000000038,42.50999999999976,110.94999999999982,-34.07,5.93,-14.96,-34.099999999999994,359.9200000000001,0.0,EntryPreparationState,lower,2933.55,3021.9,0.0,87.05128087129897,1,0.0,None,100.19235567827327,-114.0020504167308,None,0
2022-02-22 00:00:00,2567.55,2621.0,2505.0,2517.95,52198.94,133907115.142,2022-02-22 00:00:00,32.91,2775.95,2624.39,2700.17,2851.73,2548.61,2927.51,2472.83,11.22,-80.48,-76.0,-4.48,9.75,30.43,36.65,32.64,46014.82857142857,2022.8,182.22000000000025,26.42,-3.35,2645.51,2586.5,333.7800000000002,30.66000000000031,68.55000000000018,127.5600000000004,-37.09,2.9099999999999966,-20.68,-4.480000000000004,303.1199999999999,0.0,EntryPreparationState,lower,2517.95,2694.15,0.0,206.6326833336645,1,0.0,None,208.65814055084473,-35.70731547489031,None,0
2022-02-24 04:00:00,2394.15,2408.05,2300.45,2368.85,106125.44,249721190.5355,2022-02-24 04:00:00,29.28,2705.76,2507.86,2606.81,2804.71,2408.91,2903.66,2309.96,15.18,-68.13,-53.26,-14.86,13.94,38.97,27.47,32.06,51069.78357142857,2384.19,237.96000000000004,81.55,-7.74,2592.03,2467.97,435.8600000000001,40.059999999999945,99.11999999999989,223.1800000000003,-40.72,-0.7199999999999989,-25.03,-14.869999999999997,395.8000000000002,0.0,EntryPreparationState,lower,2368.85,2595.15,0.0,283.2947611710326,1,0.0,None,294.37608755303216,-53.134307786478345,None,0
2022-03-04 04:00:00,2723.4,2732.35,2708.4,2731.0,13856.05,37718596.289,2022-03-04 04:00:00,39.26,2925.26,2769.12,2847.19,3003.32,2691.06,3081.39,2612.99,10.96,-3.03,29.53,-32.57,16.29,24.3,23.29,25.28,34361.335,-258.62,116.19000000000005,48.37,-2.12,2842.73,2770.32,272.32000000000016,-39.940000000000055,39.320000000000164,111.73000000000002,-30.740000000000002,9.259999999999998,-8.010000000000002,-32.56,312.2600000000002,0.0,EntryPreparationState,lower,2731.0,2697.0,0.0,-40.64895642621768,1,0.0,None,25.206041742950855,-319.9422555840354,None,0
2022-03-14 00:00:00,2513.05,2542.9,2496.75,2533.35,16653.62,41983308.0115,2022-03-14 00:00:00,41.45,2604.21,2547.93,2576.07,2632.36,2519.78,2660.5,2491.64,4.37,-19.9,-16.11,-3.79,12.93,27.28,13.67,13.61,16718.089285714286,-363.6,42.720000000000255,4.65,-0.76,2564.23,2542.35,99.01000000000022,-13.569999999999709,9.0,30.88000000000011,-28.549999999999997,11.450000000000003,-14.350000000000001,-3.789999999999999,112.57999999999993,0.0,EntryPreparationState,lower,2533.35,2586.3,0.0,59.40353484516591,1,0.0,None,83.02837941855678,-5.1947243768129745,None,0
2022-04-05 00:00:00,3518.25,3534.0,3498.9,3522.85,18718.92,65826613.4655,2022-04-05 00:00:00,60.14,3493.31,3443.18,3468.24,3518.37,3418.12,3543.43,3393.06,2.89,32.18,34.64,-2.46,24.86,13.61,35.08,36.81,33105.05714285714,-2032.05,-54.61000000000013,12.78,5.09,3491.16,3503.69,-4.480000000000018,-104.73000000000002,-19.159999999999854,-31.690000000000055,-9.86,30.14,11.25,-2.460000000000001,100.25,0.0,EntryPreparationState,upper,3522.85,3451.3,0.0,-64.23078047603467,1,0.0,None,25.057721730985303,-78.23932469449419,None,0
2022-04-06 04:00:00,3340.4,3371.45,3320.5,3342.75,27434.87,92001506.9135,2022-04-06 04:00:00,36.98,3498.23,3391.53,3444.88,3551.57,3338.19,3604.92,3284.84,6.19,-6.03,16.81,-22.84,13.55,29.27,29.85,34.85,38865.677142857145,-1754.17,102.13000000000011,44.03,-1.57,3454.38,3380.48,208.82000000000016,-4.559999999999945,37.73000000000002,111.63000000000011,-33.02,6.979999999999997,-15.719999999999999,-22.84,213.3800000000001,0.0,EntryPreparationState,lower,3342.75,3256.95,0.0,-80.30246802782158,1,0.0,None,6.213125420686264,-184.9917208884902,None,0
2022-04-11 04:00:00,3173.4,3189.0,3163.25,3177.6,18439.83,58572266.644,2022-04-11 04:00:00,38.59,3270.88,3202.8,3236.84,3304.92,3168.76,3338.96,3134.72,4.2,-25.76,-26.21,0.44,14.76,25.08,26.22,31.3,20695.399999999998,-1229.7,59.24000000000024,8.19,-0.92,3232.89,3198.45,127.32000000000016,-8.83999999999969,20.84999999999991,55.289999999999964,-31.409999999999997,8.590000000000003,-10.319999999999999,0.4499999999999993,136.15999999999985,0.0,EntryPreparationState,lower,3177.6,3090.6,0.0,-85.4374622356493,1,0.0,None,-1.175755287008815,-229.13081570996957,None,0
2022-04-18 00:00:00,2985.55,2999.45,2973.05,2991.45,19613.35,58585860.666,2022-04-18 00:00:00,40.73,3053.53,3015.16,3034.35,3072.72,2995.98,3091.9,2976.79,2.52,-14.15,-14.14,-0.0,18.12,21.66,15.73,19.35,17530.362142857142,3.63,42.90000000000009,-0.51,-4.55,3031.52,3011.46,81.26999999999998,4.5300000000002,20.01000000000022,40.070000000000164,-29.270000000000003,10.729999999999997,-3.539999999999999,-0.009999999999999787,76.73999999999978,0.0,EntryPreparationState,lower,2991.45,3004.05,0.0,9.33601263601322,1,0.0,None,32.35160708017902,-117.57568570425683,None,0
2022-04-25 04:00:00,2872.45,2872.45,2792.3,2809.6,49130.65,138932053.9165,2022-04-25 04:00:00,26.87,2988.75,2901.78,2945.26,3032.24,2858.29,3075.73,2814.8,5.9,-39.44,-29.65,-9.79,9.86,34.78,26.69,22.56,22718.32785714286,2282.35,135.6600000000003,47.63,-5.85,2918.79,2870.59,222.63999999999987,48.690000000000055,60.99000000000024,109.19000000000005,-43.129999999999995,-3.129999999999999,-24.92,-9.79,173.94999999999982,0.0,EntryPreparationState,lower,2809.6,3012.5,0.0,213.35005694760792,1,0.0,None,215.69914578587685,-18.889407744874735,None,0
2022-04-29 20:00:00,2791.0,2821.1,2786.7,2814.55,19420.49,54493682.806,2022-04-29 20:00:00,40.39,2926.14,2838.18,2882.16,2970.12,2794.2,3014.1,2750.22,6.1,-22.83,-15.36,-7.46,11.19,27.3,23.33,23.76,37251.15,-4485.49,67.60999999999967,-9.54,-0.52,2880.44,2831.35,155.5699999999997,-20.350000000000364,16.799999999999727,65.88999999999987,-29.61,10.39,-16.11,-7.469999999999999,175.92000000000007,0.0,EntryPreparationState,lower,2814.55,2823.15,0.0,5.866651862642538,1,0.0,None,32.940251549981625,-112.76687747597298,None,0
2022-05-09 04:00:00,2456.95,2481.0,2423.55,2446.95,38479.41,94365079.3605,2022-05-09 04:00:00,25.45,2697.88,2520.72,2609.3,2786.46,2432.13,2875.04,2343.55,13.57,-81.47,-66.25,-15.21,5.44,36.8,51.49,43.02,41689.32642857143,1252.09,162.35000000000036,21.95,1.34,2533.81,2483.7,339.5100000000002,-14.819999999999709,36.75,86.86000000000013,-44.55,-4.550000000000001,-31.359999999999996,-15.219999999999999,354.3299999999999,0.0,EntryPreparationState,lower,2446.95,2078.9,0.0,-454.5352111812661,1,0.0,None,23.91755654999106,-828.654012137559,None,0
2022-05-18 16:00:00,1953.65,1993.15,1935.0,1979.35,70189.93,137886670.0575,2022-05-18 16:00:00,41.52,2080.81,1994.91,2037.86,2123.76,1951.97,2166.7,1909.02,8.42,-23.82,-20.31,-3.5,13.28,22.67,13.72,17.68,54666.64428571429,817.81,58.50999999999999,12.51,-1.6,2034.76,1995.47,144.4100000000003,-27.37999999999988,16.12000000000012,55.41000000000008,-28.479999999999997,11.520000000000003,-9.390000000000002,-3.5100000000000016,171.7900000000002,0.0,EntryPreparationState,lower,1979.35,2022.3,0.0,61.79712784499971,1,0.0,None,87.10846742617578,-121.5206279839338,None,0
2022-05-26 12:00:00,1815.35,1874.5,1729.5,1860.45,269002.47,485991641.397,2022-05-26 12:00:00,35.81,2001.91,1891.88,1946.9,2056.93,1836.86,2111.95,1781.84,11.3,-31.24,-18.01,-13.22,7.78,37.57,25.73,20.97,77280.23285714285,17708.85,86.45000000000005,14.07,-5.94,1924.84,1878.46,196.4799999999998,-23.590000000000146,18.00999999999999,64.38999999999987,-34.19,5.810000000000002,-29.79,-13.229999999999997,220.06999999999994,0.0,EntryPreparationState,lower,1860.45,1812.25,0.0,-81.02313150044328,1,0.0,None,71.43998226235608,-260.01208578569714,None,0
2022-06-10 16:00:00,1725.9,1729.75,1642.45,1667.15,249102.07,418475302.1715,2022-06-10 16:00:00,27.8,1814.37,1743.06,1778.72,1850.03,1707.4,1885.68,1671.75,8.01,-21.44,-10.79,-10.65,12.78,36.81,17.15,17.42,95531.38857142857,14937.79,111.56999999999994,46.83,-9.44,1768.49,1722.73,182.87999999999988,40.25,55.57999999999993,101.33999999999992,-42.2,-2.1999999999999993,-24.03,-10.650000000000002,142.62999999999988,0.0,EntryPreparationState,lower,1667.15,1054.4,0.0,-1105.930237231203,1,0.0,None,30.53018924511907,-1423.898026572294,None,0
2022-06-30 12:00:00,1018.0,1040.85,993.5,1031.35,458397.45,468121812.4875,2022-06-30 12:00:00,27.92,1180.33,1063.06,1121.7,1238.96,1004.43,1297.59,945.8,20.9,-37.23,-22.25,-14.98,9.21,33.83,29.46,25.81,249811.31642857142,21362.19,90.35000000000014,13.19,-2.05,1086.36,1047.8,207.61000000000013,-26.91999999999996,16.450000000000045,55.00999999999999,-42.08,-2.0799999999999983,-24.619999999999997,-14.979999999999997,234.5300000000001,0.0,EntryPreparationState,lower,1031.35,1077.0,0.0,129.48712367285606,1,0.0,None,246.42123915256724,-86.34649246133704,None,0
2022-07-26 00:00:00,1440.0,1448.85,1397.2,1432.05,320953.97,457302598.4555,2022-07-26 00:00:00,35.8,1576.94,1475.92,1526.43,1627.45,1425.41,1677.96,1374.9,13.23,-13.71,5.11,-18.82,18.27,26.87,21.05,25.78,235812.64428571428,8709.94,94.38000000000011,29.63,-6.91,1517.89,1465.34,195.4000000000001,-6.639999999999873,33.289999999999964,85.84000000000015,-34.2,5.799999999999997,-8.600000000000001,-18.82,202.03999999999996,0.0,EntryPreparationState,lower,1432.05,1488.25,0.0,114.43331936734076,1,0.0,None,132.44945008903295,-164.50247198072685,None,0
2022-07-31 20:00:00,1716.85,1724.35,1663.75,1677.8,141315.85,238806197.8275,2022-07-31 20:00:00,51.69,1700.75,1669.48,1685.11,1716.38,1653.84,1732.02,1638.21,3.71,28.41,37.62,-9.21,22.67,12.42,33.87,33.93,157866.4642857143,-20690.25,7.309999999999945,-4.93,-1.74,1703.85,1697.95,38.580000000000155,-23.960000000000036,20.15000000000009,26.049999999999955,-18.310000000000002,21.689999999999998,10.250000000000002,-9.209999999999997,62.54000000000019,0.0,EntryPreparationState,upper,1677.8,1667.05,0.0,-22.52159971391102,1,0.0,None,44.530492311360106,-70.70970318273912,None,0
2022-08-01 20:00:00,1621.95,1642.85,1604.1,1629.0,158605.79,257690743.1285,2022-08-01 20:00:00,42.67,1701.26,1644.26,1672.76,1729.77,1615.75,1758.27,1587.25,6.81,4.71,19.87,-15.15,15.36,17.1,26.27,30.84,136335.26142857142,-3256.22,43.75999999999999,21.89,-3.01,1675.27,1645.17,100.76999999999998,-13.25,16.170000000000073,46.26999999999998,-27.33,12.670000000000002,-1.740000000000002,-15.16,114.01999999999998,0.0,EntryPreparationState,lower,1629.0,1664.7,0.0,62.44585635359108,1,0.0,None,86.47900552486199,-136.54125230202573,None,0
2022-08-19 08:00:00,1743.85,1743.9,1681.3,1707.15,369473.72,635370838.412,2022-08-19 08:00:00,24.76,1888.56,1792.7,1840.63,1936.49,1744.77,1984.42,1696.85,10.41,-32.72,-19.13,-13.59,13.47,34.34,16.55,17.56,237537.22714285715,17205.56,133.48000000000002,58.81,-6.49,1822.62,1763.95,229.33999999999992,37.61999999999989,56.799999999999955,115.4699999999998,-45.239999999999995,-5.239999999999998,-20.870000000000005,-13.59,191.72000000000003,0.0,EntryPreparationState,lower,1707.15,1639.0,0.0,-123.06100518407884,1,0.0,None,29.21032422458502,-329.54549688076605,None,0
2022-08-26 20:00:00,1558.75,1567.2,1484.5,1506.6,407528.52,622452524.686,2022-08-26 20:00:00,27.74,1685.84,1583.4,1634.62,1737.06,1532.18,1788.28,1480.96,12.53,-19.4,-2.94,-16.46,14.25,29.63,18.02,21.56,291181.9792857143,5996.53,128.01999999999998,50.58,-8.08,1636.96,1564.53,230.46000000000004,25.580000000000155,57.930000000000064,130.36000000000013,-42.260000000000005,-2.2600000000000016,-15.379999999999999,-16.459999999999997,204.87999999999988,0.0,EntryPreparationState,lower,1506.6,1520.7,0.0,24.77646356033456,1,0.0,None,42.89673436877747,-174.4469534050175,None,0
2022-09-13 16:00:00,1592.7,1627.75,1568.0,1603.1,424291.46,678448968.904,2022-09-13 16:00:00,34.58,1749.57,1653.17,1701.37,1797.78,1604.97,1845.98,1556.77,11.33,-7.2,12.58,-19.79,13.06,28.77,29.78,35.94,278970.34142857144,23936.17,98.26999999999998,56.9,-4.51,1695.0,1644.63,194.68000000000006,1.8700000000001182,41.5300000000002,91.90000000000009,-35.42,4.579999999999998,-15.709999999999999,-19.78,192.80999999999995,0.0,EntryPreparationState,lower,1603.1,1339.85,0.0,-495.9392614309775,1,0.0,None,101.30981847670155,-726.2118582745927,None,0
2022-10-01 20:00:00,1310.9,1315.35,1301.3,1311.0,73820.01,96620288.724,2022-10-01 20:00:00,43.38,1335.66,1316.99,1326.32,1344.99,1307.66,1354.32,1298.33,2.81,-2.86,-0.24,-2.61,14.59,19.89,8.82,10.31,177456.9342857143,-40323.41,15.319999999999936,-2.28,-0.75,1326.81,1316.28,33.99000000000001,-3.339999999999918,5.279999999999973,15.809999999999945,-26.619999999999997,13.380000000000003,-5.300000000000001,-2.62,37.32999999999993,0.0,EntryPreparationState,lower,1311.0,1317.9,0.0,12.489473684210406,1,0.0,None,33.77093821510307,-117.14439359267753,None,0
2022-10-11 00:00:00,1289.75,1289.75,1264.5,1277.8,211917.71,270498904.6845,2022-10-11 00:00:00,23.75,1328.32,1301.98,1315.15,1341.49,1288.8,1354.66,1275.63,4.0,-10.97,-7.3,-3.66,12.51,37.47,25.62,22.31,117830.31857142856,11798.56,37.350000000000136,14.3,-8.68,1308.49,1292.58,63.690000000000055,11.0,14.779999999999973,30.690000000000055,-46.25,-6.25,-24.96,-3.670000000000001,52.690000000000055,0.0,EntryPreparationState,lower,1277.8,1329.0,0.0,116.90660510251992,1,0.0,None,148.48431679449067,-239.60458600719977,None,0
2022-11-02 20:00:00,1535.2,1536.55,1500.05,1517.15,267079.61,404383969.7565,2022-11-02 20:00:00,36.37,1587.63,1544.21,1565.92,1609.34,1522.5,1631.06,1500.79,5.54,-4.52,5.22,-9.75,23.57,18.38,25.28,32.84,247423.2942857143,-19710.83,48.76999999999998,17.35,2.16,1560.67,1538.18,92.18999999999983,5.349999999999909,21.029999999999973,43.51999999999998,-33.63,6.369999999999997,5.190000000000001,-9.739999999999998,86.83999999999992,0.0,EntryPreparationState,lower,1517.15,1586.45,0.0,133.73325313910908,1,0.0,None,136.79821046040223,-9.133305869558445,None,0
2022-11-08 04:00:00,1506.1,1513.25,1429.9,1491.2,707580.22,1040144474.565,2022-11-08 04:00:00,32.04,1620.5,1533.38,1576.94,1664.06,1489.82,1707.62,1446.26,11.04,-15.42,-2.19,-13.22,12.38,36.48,24.2,27.75,224030.8157142857,44696.66,85.74000000000001,32.05,-13.41,1559.78,1526.91,172.8599999999999,-1.3800000000001091,35.710000000000036,68.57999999999993,-37.96,2.039999999999999,-24.099999999999994,-13.23,174.24,0.0,EntryPreparationState,lower,1491.2,1259.5,0.0,-469.4346566523603,1,0.0,None,175.34806866952812,-847.4523605150214,None,0
2022-11-16 16:00:00,1192.25,1224.9,1186.4,1208.2,196081.0,236686310.186,2022-11-16 16:00:00,40.91,1264.25,1218.93,1241.59,1286.92,1196.26,1309.58,1173.6,7.3,-14.39,-12.56,-1.82,11.03,25.21,31.66,37.75,203205.4621428571,1680.37,33.38999999999987,4.65,-0.06,1240.29,1216.13,78.72000000000003,-11.940000000000055,7.930000000000064,32.08999999999992,-29.090000000000003,10.909999999999997,-14.180000000000001,-1.83,90.66000000000008,0.0,EntryPreparationState,lower,1208.2,1217.1,0.0,18.798990233404947,1,0.0,None,63.24527396126469,-70.83848700546268,None,0
2022-11-20 12:00:00,1167.65,1180.95,1152.5,1177.1,232452.41,271904041.42,2022-11-20 12:00:00,36.69,1220.66,1194.27,1207.46,1233.85,1181.08,1247.04,1167.89,4.37,-10.1,-8.71,-1.38,12.85,30.61,23.59,26.56,105464.61142857141,11271.86,30.360000000000127,11.34,-3.48,1203.61,1189.01,56.75,3.980000000000018,11.910000000000082,26.50999999999999,-33.31,6.689999999999998,-17.759999999999998,-1.3899999999999988,52.76999999999998,0.0,EntryPreparationState,lower,1177.1,1169.6,0.0,-22.414773596125816,1,0.0,None,33.65522895251043,-271.1616939937133,None,0
2022-11-28 04:00:00,1172.55,1178.75,1164.55,1173.75,152632.49,178756403.682,2022-11-28 04:00:00,39.88,1211.82,1182.3,1197.06,1226.58,1167.54,1241.34,1152.78,4.93,2.32,7.79,-5.46,15.93,26.3,21.29,19.22,125412.82428571429,3108.25,23.309999999999945,7.03,-2.11,1202.24,1184.95,52.82999999999993,-6.210000000000036,11.200000000000045,28.49000000000001,-30.119999999999997,9.880000000000003,-10.370000000000001,-5.470000000000001,59.039999999999964,0.0,EntryPreparationState,lower,1173.75,1206.35,0.0,80.02268370606971,1,0.0,None,100.72555910543151,-62.85271565495195,None,0
2022-12-04 00:00:00,1240.25,1263.6,1239.75,1256.35,117630.25,147465521.3295,2022-12-04 00:00:00,48.37,1277.76,1252.87,1265.32,1290.21,1240.42,1302.65,1227.98,3.93,6.01,12.53,-6.52,21.28,20.69,34.02,34.7,131183.54571428572,974.72,8.970000000000027,6.44,-2.84,1271.57,1257.75,33.86000000000013,-15.929999999999836,1.400000000000091,15.220000000000027,-21.630000000000003,18.369999999999997,0.5899999999999999,-6.52,49.789999999999964,0.0,EntryPreparationState,lower,1256.35,1277.9,0.0,48.15859036096636,1,0.0,None,60.33672543479106,-20.850841724041675,None,0
2022-12-07 08:00:00,1223.85,1230.15,1217.5,1224.55,131480.63,161190565.7905,2022-12-07 08:00:00,36.78,1275.53,1238.37,1256.95,1294.12,1219.79,1312.7,1201.21,5.91,-6.27,-1.36,-4.91,17.33,30.64,18.94,22.98,167442.56714285715,-940.05,32.40000000000009,7.69,-2.91,1251.06,1237.52,69.56999999999994,-4.759999999999991,12.970000000000027,26.50999999999999,-33.22,6.780000000000001,-13.310000000000002,-4.909999999999999,74.32999999999993,0.0,EntryPreparationState,lower,1224.55,1248.85,0.0,56.23207300641043,1,0.0,None,66.1540851741458,-16.16186762484158,None,0
2022-12-12 04:00:00,1242.9,1247.05,1238.85,1245.55,60205.97,74920986.329,2022-12-12 04:00:00,39.68,1274.27,1252.83,1263.55,1284.99,1242.11,1295.71,1231.4,3.39,-1.08,2.13,-3.21,20.58,26.57,15.86,17.36,83096.84357142857,-4119.42,18.0,6.87,-2.96,1264.68,1253.24,39.440000000000055,-3.4400000000000546,7.690000000000055,19.13000000000011,-30.32,9.68,-5.990000000000002,-3.21,42.88000000000011,0.0,EntryPreparationState,lower,1245.55,1274.4,0.0,66.18737505519694,1,0.0,None,76.54424551403027,-13.897727911364019,None,0
2022-12-16 12:00:00,1212.35,1218.4,1191.7,1202.95,276195.64,333468758.9085,2022-12-16 12:00:00,28.42,1306.7,1237.08,1271.89,1341.51,1202.27,1376.32,1167.46,10.94,-11.69,-0.48,-11.2,14.38,38.51,24.09,25.92,216960.45857142858,16445.51,68.94000000000005,27.33,-4.02,1261.36,1231.18,138.55999999999995,-0.6800000000000637,28.230000000000018,58.409999999999854,-41.58,-1.5799999999999983,-24.129999999999995,-11.209999999999999,139.24,0.0,EntryPreparationState,lower,1202.95,1192.15,0.0,-30.233787771727567,1,0.0,None,19.02012968120034,-137.71955193482728,None,0
2022-12-27 00:00:00,1227.8,1233.45,1221.25,1223.2,114678.17,140599702.229,2022-12-27 00:00:00,55.35,1222.29,1214.29,1218.29,1226.28,1210.29,1230.28,1206.29,1.31,2.13,1.83,0.29,23.83,18.97,14.2,17.43,89643.63642857142,2794.7,-4.910000000000082,2.73,5.96,1218.98,1222.13,3.0799999999999272,-12.910000000000082,-1.0699999999999363,-4.220000000000027,-14.649999999999999,25.35,4.859999999999999,0.2999999999999998,15.990000000000009,0.0,EntryPreparationState,upper,1223.2,1210.65,0.0,-34.07992151733133,1,0.0,None,-0.35689993459736824,-50.021713538260244,None,0
2022-12-28 04:00:00,1197.8,1199.6,1187.85,1194.6,120125.77,143374998.895,2022-12-28 04:00:00,33.11,1220.88,1205.03,1212.96,1228.81,1197.1,1236.74,1189.17,2.61,-2.96,-0.11,-2.85,14.43,31.55,16.86,17.51,108582.78428571428,-1750.28,18.360000000000127,7.27,-2.01,1213.03,1202.09,34.210000000000036,2.5,7.490000000000009,18.430000000000064,-36.89,3.1099999999999994,-17.12,-2.85,31.710000000000036,0.0,EntryPreparationState,lower,1194.6,1199.95,0.0,10.135459568056557,1,0.0,None,33.74168759417371,-39.83942742340541,None,0
2023-01-19 00:00:00,1510.65,1527.78,1508.69,1524.19,96893.02,147207821.6408,2023-01-19 00:00:00,46.59,1567.37,1526.71,1547.04,1587.71,1506.37,1608.04,1486.04,5.25,11.34,23.59,-12.24,17.89,21.15,35.69,43.93,192623.06,-14245.71,22.84999999999991,10.97,-1.37,1557.39,1532.33,63.51999999999998,-17.820000000000164,8.139999999999873,33.200000000000045,-23.409999999999997,16.590000000000003,-3.259999999999998,-12.25,81.34000000000015,0.0,EntryPreparationState,lower,1524.19,1550.45,0.0,48.38646953463804,1,0.0,None,57.342045939154744,-26.84037226330047,None,0
2023-01-25 00:00:00,1555.7,1557.13,1511.84,1546.56,239701.63,368434591.8773,2023-01-25 00:00:00,30.9,1634.2,1586.04,1610.12,1658.29,1561.96,1682.37,1537.87,5.98,-2.74,8.8,-11.55,10.28,37.63,25.19,23.89,149679.98285714287,4956.19,63.559999999999945,31.69,-3.27,1610.65,1577.01,111.73000000000002,15.400000000000091,30.450000000000045,64.09000000000015,-39.1,0.8999999999999986,-27.35,-11.540000000000001,96.32999999999993,0.0,EntryPreparationState,lower,1546.56,1611.44,0.0,122.55350713842354,1,0.0,None,181.63947858473028,-52.299068901303414,None,0
2023-02-05 20:00:00,1619.04,1639.62,1611.18,1628.76,98172.19,159536350.2047,2023-02-05 20:00:00,44.68,1663.73,1632.84,1648.28,1679.17,1617.4,1694.61,1601.96,3.74,4.06,10.63,-6.56,18.74,23.52,22.66,24.24,108493.27714285716,-21373.85,19.519999999999982,3.94,-1.94,1656.05,1636.43,50.41000000000008,-11.3599999999999,7.670000000000073,27.289999999999964,-25.32,14.68,-4.780000000000001,-6.570000000000001,61.76999999999998,0.0,EntryPreparationState,lower,1628.76,1648.3,0.0,32.69056951300372,1,0.0,None,35.011353422235246,-42.42178589847508,None,0
2023-02-09 20:00:00,1579.46,1581.9,1522.0,1544.62,415321.75,642979148.9495,2023-02-09 20:00:00,27.36,1660.76,1597.51,1629.13,1692.39,1565.88,1724.01,1534.26,7.76,-13.48,-3.02,-10.45,12.4,38.15,20.77,18.8,189838.70714285717,23571.3,84.51000000000022,36.06,-8.28,1620.92,1584.97,147.7700000000002,21.26000000000022,40.350000000000136,76.30000000000018,-42.64,-2.6400000000000006,-25.75,-10.46,126.50999999999999,0.0,EntryPreparationState,lower,1544.62,1543.91,0.0,-4.6789799432865955,1,0.0,None,42.90553922647696,-167.61225803110148,None,0
2023-02-22 16:00:00,1613.26,1630.0,1594.12,1615.47,273500.24,441101521.8393,2023-02-22 16:00:00,31.34,1693.46,1632.8,1663.13,1723.79,1602.47,1754.12,1572.14,7.29,-11.25,-0.41,-10.84,10.93,26.19,28.87,33.64,162408.39428571428,6269.95,47.66000000000008,16.73,-2.69,1648.55,1627.48,108.31999999999994,-13.0,12.009999999999991,33.07999999999993,-38.66,1.3399999999999999,-15.260000000000002,-10.84,121.31999999999994,0.0,EntryPreparationState,lower,1615.47,1667.37,0.0,93.08061988152004,1,0.0,None,114.45520436776924,-14.200852383517304,None,0
2023-02-24 16:00:00,1602.43,1611.52,1573.0,1610.66,271155.13,431375492.8757,2023-02-24 16:00:00,37.34,1666.47,1626.96,1646.72,1686.22,1607.21,1705.97,1587.46,4.79,-11.58,-7.89,-3.68,11.04,31.18,25.49,26.71,172879.70500000002,11895.32,36.059999999999945,-2.57,-6.38,1639.43,1622.48,75.55999999999995,-3.4500000000000455,11.819999999999936,28.769999999999982,-32.66,7.340000000000003,-20.14,-3.6900000000000004,79.00999999999999,0.0,EntryPreparationState,lower,1610.66,1633.09,0.0,38.4779047098702,1,0.0,None,44.64307923459974,-104.51316727304338,None,0
2023-03-02 00:00:00,1664.44,1677.68,1643.46,1647.6,142574.59,236443224.4168,2023-03-02 00:00:00,53.27,1651.53,1624.29,1637.91,1665.15,1610.67,1678.77,1597.05,3.32,6.1,3.25,2.85,21.07,18.52,12.09,16.46,130919.53785714286,-8706.5,-9.689999999999827,3.13,3.0,1642.19,1650.1,17.550000000000182,-36.929999999999836,2.5,-5.4099999999998545,-16.729999999999997,23.270000000000003,2.5500000000000007,2.8499999999999996,54.48000000000002,0.0,EntryPreparationState,upper,1647.6,1627.23,0.0,-40.39031318281131,1,0.0,None,2.8361981063369055,-57.742825928623276,None,0
2023-03-03 04:00:00,1564.86,1575.94,1561.84,1567.05,103618.31,162503565.8791,2023-03-03 04:00:00,35.15,1652.18,1600.39,1626.29,1678.08,1574.5,1703.97,1548.6,6.36,-7.15,0.81,-7.97,13.42,39.19,15.19,15.77,163180.67571428572,-6356.72,59.24000000000001,25.75,-4.55,1628.24,1594.37,111.02999999999997,7.4500000000000455,27.319999999999936,61.190000000000055,-34.85,5.149999999999999,-25.769999999999996,-7.960000000000001,103.57999999999993,0.0,EntryPreparationState,lower,1567.05,1577.0,0.0,15.748530678664064,1,0.0,None,38.49190198143033,-43.08175552790253,None,0
2023-03-07 12:00:00,1562.71,1572.86,1534.0,1559.94,413594.02,642833919.709,2023-03-07 12:00:00,40.33,1574.99,1565.86,1570.42,1579.55,1561.3,1584.11,1556.74,1.16,-7.79,-9.83,2.03,16.98,29.36,21.81,26.75,94073.11571428573,27478.8,10.480000000000018,-0.22,-11.16,1566.43,1564.16,19.6099999999999,1.3599999999999,4.220000000000027,6.490000000000009,-29.67,10.329999999999998,-12.379999999999999,2.04,18.25,0.0,EntryPreparationState,lower,1559.94,1471.31,0.0,-173.74886341782423,1,0.0,None,17.316177545290156,-373.10268471864293,None,0
2023-03-27 16:00:00,1710.46,1731.59,1699.82,1703.29,175564.74,301086212.7734,2023-03-27 16:00:00,38.67,1770.72,1732.0,1751.36,1790.08,1712.64,1809.44,1693.28,4.42,-8.8,-4.18,-4.61,16.28,25.31,16.18,17.15,112396.42857142857,8943.97,48.069999999999936,3.31,-3.0,1752.22,1726.01,86.78999999999996,9.350000000000136,22.720000000000027,48.930000000000064,-31.33,8.670000000000002,-9.029999999999998,-4.620000000000001,77.43999999999983,0.0,EntryPreparationState,lower,1703.29,1744.56,0.0,69.3887376782579,1,0.0,None,86.59661185118212,-17.54889478597288,None,0
2023-04-18 12:00:00,2117.94,2121.04,2088.0,2095.37,170306.2,358389059.7818,2023-04-18 12:00:00,57.2,2096.22,2069.67,2082.94,2109.5,2056.39,2122.78,2043.11,2.54,19.0,24.24,-5.24,25.27,19.69,23.64,30.46,145835.46285714288,7844.6,-12.429999999999836,6.16,-0.32,2087.17,2097.95,14.13000000000011,-38.98000000000002,2.5799999999999272,-8.199999999999818,-12.799999999999997,27.200000000000003,5.579999999999998,-5.239999999999998,53.11000000000013,0.0,EntryPreparationState,upper,2095.37,2081.23,0.0,-23.544634599139773,1,0.0,None,3.772736557267035,-40.00950715148137,None,0
2023-04-19 12:00:00,1981.56,2007.71,1969.47,1983.09,220476.77,438325734.9339,2023-04-19 12:00:00,33.35,2101.36,2030.2,2065.78,2136.95,1994.62,2172.53,1959.04,6.88,-4.22,11.66,-15.89,14.69,37.88,22.43,27.91,176147.49285714285,10747.37,82.69000000000028,48.64,-3.35,2069.79,2019.75,153.8599999999999,11.529999999999973,36.66000000000008,86.70000000000005,-36.65,3.3500000000000014,-23.190000000000005,-15.879999999999999,142.32999999999993,0.0,EntryPreparationState,lower,1983.09,1865.1,0.0,-181.79416819206364,1,0.0,None,9.649487920367118,-281.7896298201288,None,0
2023-04-30 16:00:00,1919.28,1933.76,1892.34,1903.82,130050.66,248987799.1916,2023-04-30 16:00:00,52.37,1907.43,1889.27,1898.35,1916.51,1880.19,1925.59,1871.11,1.91,6.21,6.05,0.16,23.23,16.34,11.21,14.62,70246.52357142857,3356.01,-5.470000000000027,-2.09,2.48,1903.44,1906.3,12.690000000000055,-23.62999999999988,2.480000000000018,-0.37999999999988177,-17.630000000000003,22.369999999999997,6.890000000000001,0.16000000000000014,36.319999999999936,0.0,EntryPreparationState,upper,1903.82,1868.2,0.0,-59.429255917051066,1,0.0,None,-3.3000000000000003,-65.8899507306367,None,0
2023-05-01 04:00:00,1845.4,1853.76,1831.14,1848.54,70918.19,130778171.603,2023-05-01 04:00:00,39.38,1905.63,1867.76,1886.69,1924.56,1848.82,1943.5,1829.88,4.01,-4.46,2.38,-6.84,17.11,26.56,12.04,13.45,77572.86357142858,2353.46,38.15000000000009,15.51,-2.46,1887.69,1863.09,76.01999999999998,0.2799999999999727,14.549999999999955,39.15000000000009,-30.619999999999997,9.380000000000003,-9.45,-6.84,75.74000000000001,0.0,EntryPreparationState,lower,1848.54,1867.67,0.0,27.746122886169996,1,0.0,None,50.90494011490155,-73.75019312538534,None,0
2023-05-11 04:00:00,1826.63,1834.5,1823.52,1828.47,32200.86,58895572.311,2023-05-11 04:00:00,40.5,1863.92,1840.23,1852.07,1875.76,1828.38,1887.6,1816.54,2.55,-12.91,-12.62,-0.28,15.95,25.81,17.87,17.71,107391.80500000002,-3976.2,23.59999999999991,-14.62,-0.56,1843.31,1834.89,47.289999999999964,-0.08999999999991815,6.420000000000073,14.839999999999918,-29.5,10.5,-9.86,-0.2900000000000009,47.37999999999988,0.0,EntryPreparationState,lower,1828.47,1804.54,0.0,-42.56233408259395,1,0.0,None,13.714225007793356,-156.49365371047935,None,0
2023-05-17 12:00:00,1789.11,1799.65,1781.77,1796.61,156248.68,280182218.5248,2023-05-17 12:00:00,42.85,1822.88,1799.36,1811.12,1834.64,1787.6,1846.41,1775.84,2.59,-2.26,-0.09,-2.17,15.94,25.29,16.76,22.0,77593.24571428572,4124.76,14.509999999999991,1.86,-2.24,1812.42,1801.58,38.0300000000002,-9.009999999999991,4.970000000000027,15.810000000000173,-27.15,12.850000000000001,-9.35,-2.17,47.04000000000019,0.0,EntryPreparationState,lower,1796.61,1827.08,0.0,47.57915574331646,1,0.0,None,57.31415666171297,-8.943962796600136,None,0
2023-06-05 16:00:00,1819.2,1822.32,1775.78,1805.47,330539.92,595219229.6958,2023-06-05 16:00:00,24.35,1900.07,1846.01,1873.04,1927.1,1818.98,1954.13,1791.95,5.77,-10.48,-0.21,-10.26,11.05,44.74,19.14,17.26,82896.145,21885.21,67.56999999999994,38.73,-14.0,1870.06,1834.04,121.62999999999988,13.509999999999991,28.569999999999936,64.58999999999992,-45.65,-5.649999999999999,-33.69,-10.27,108.11999999999989,0.0,EntryPreparationState,lower,1805.47,1890.98,0.0,138.78488648385172,1,0.0,None,150.11711576486977,-25.21673082355328,None,0
2023-06-10 08:00:00,1731.55,1748.78,1713.73,1747.29,111273.88,192760391.5482,2023-06-10 08:00:00,28.77,1857.7,1791.03,1824.36,1891.03,1757.7,1924.37,1724.36,7.3,-20.0,-10.61,-9.38,10.41,43.05,23.35,22.64,81054.10071428571,5016.13,77.06999999999994,34.06,-4.3,1814.48,1774.38,143.74,10.410000000000082,27.090000000000146,67.19000000000005,-41.230000000000004,-1.2300000000000004,-32.64,-9.39,133.32999999999993,0.0,EntryPreparationState,lower,1747.29,1721.92,0.0,-46.858882612502654,1,0.0,None,49.42736637879234,-211.54820150060942,None,0
2023-06-28 20:00:00,1831.31,1836.49,1824.0,1826.99,72656.57,132922723.4504,2023-06-28 20:00:00,38.38,1884.59,1845.12,1864.86,1904.32,1825.39,1924.06,1805.66,4.23,-7.27,-0.55,-6.72,14.11,25.35,18.71,22.37,128254.39642857143,-6379.92,37.86999999999989,6.8,-1.67,1860.69,1840.53,77.32999999999993,-1.599999999999909,13.539999999999964,33.700000000000045,-31.619999999999997,8.380000000000003,-11.240000000000002,-6.72,78.92999999999984,0.0,EntryPreparationState,lower,1826.99,1869.15,0.0,65.92862194100663,1,0.0,None,71.61009803009274,-3.6448294736153914,None,0
2023-07-07 00:00:00,1844.44,1858.71,1824.34,1856.83,170205.8,312956436.515,2023-07-07 00:00:00,33.39,1937.99,1874.14,1906.07,1969.92,1842.22,2001.84,1810.3,6.69,-14.53,-5.02,-9.5,14.38,35.87,21.08,17.03,116363.77071428571,1794.01,49.24000000000001,9.37,-5.9,1893.68,1868.22,113.09000000000015,-14.6099999999999,11.3900000000001,36.850000000000136,-36.61,3.3900000000000006,-21.489999999999995,-9.51,127.70000000000005,0.0,EntryPreparationState,lower,1856.83,1870.29,0.0,18.446740412423605,1,0.0,None,32.648363608946696,-28.342680266906246,None,0
2023-07-23 00:00:00,1864.9,1872.1,1857.11,1868.3,51126.88,95387000.3205,2023-07-23 00:00:00,35.98,1900.4,1877.59,1889.0,1911.81,1866.18,1923.22,1854.77,2.41,-8.02,-6.26,-1.76,12.61,31.5,20.83,22.5,44009.02642857143,-3927.18,20.700000000000045,2.11,-1.64,1884.59,1874.5,43.50999999999999,-2.119999999999891,6.2000000000000455,16.289999999999964,-34.02,5.979999999999997,-18.89,-1.7599999999999998,45.62999999999988,0.0,EntryPreparationState,lower,1868.3,1888.35,0.0,28.895043622544744,1,0.0,None,53.97666862923525,-3.4445164052879593,None,0
2023-07-24 12:00:00,1852.1,1853.53,1833.33,1842.34,96317.74,177558271.5368,2023-07-24 12:00:00,31.94,1890.21,1862.42,1876.32,1904.1,1848.53,1918.0,1834.63,2.96,-10.33,-7.82,-2.51,14.81,30.11,21.01,19.39,60644.75714285714,5203.26,33.98000000000002,11.0,-2.04,1870.2,1856.61,61.75999999999999,6.190000000000055,14.269999999999982,27.860000000000127,-38.06,1.9400000000000013,-15.299999999999999,-2.51,55.569999999999936,0.0,EntryPreparationState,lower,1842.34,1872.19,0.0,45.30666326519595,1,0.0,None,63.283801035639684,-10.204263056764649,None,0
2023-08-01 04:00:00,1825.44,1835.07,1820.12,1833.0,58497.32,106901880.2964,2023-08-01 04:00:00,31.35,1872.84,1844.97,1858.9,1886.78,1831.03,1900.71,1817.09,2.99,-7.19,-2.85,-4.33,12.53,35.98,19.31,19.22,53031.340000000004,1607.51,25.90000000000009,12.84,-3.53,1853.83,1840.09,53.77999999999997,-1.9700000000000273,7.089999999999918,20.829999999999927,-38.65,1.3500000000000014,-23.449999999999996,-4.34,55.75,0.0,EntryPreparationState,lower,1833.0,1872.95,0.0,62.08461538461525,1,0.0,None,66.19263502455006,-37.19525368248769,None,0
2023-08-07 16:00:00,1817.78,1831.24,1800.66,1824.94,191064.61,346477228.2003,2023-08-07 16:00:00,42.49,1838.03,1827.13,1832.58,1843.49,1821.68,1848.94,1816.22,1.19,-3.95,-3.75,-0.19,13.1,28.37,18.02,19.46,40811.55071428571,12678.07,7.639999999999873,1.81,-7.31,1830.26,1826.59,18.549999999999955,-3.259999999999991,1.6499999999998636,5.319999999999936,-27.509999999999998,12.490000000000002,-15.270000000000001,-0.20000000000000018,21.809999999999945,0.0,EntryPreparationState,lower,1824.94,1838.18,0.0,18.46509912654683,1,0.0,None,20.61859458393128,-7.13026291275337,None,0
2023-08-15 20:00:00,1827.21,1831.87,1824.7,1828.44,38081.45,69655886.3877,2023-08-15 20:00:00,35.88,1849.51,1835.29,1842.4,1856.62,1828.18,1863.73,1821.07,1.54,-3.62,-1.44,-2.18,12.17,31.29,14.3,14.65,46754.89928571428,1572.29,13.960000000000036,5.38,-2.53,1840.29,1832.81,28.179999999999836,-0.2599999999999909,4.369999999999891,11.849999999999909,-34.12,5.880000000000003,-19.119999999999997,-2.18,28.439999999999827,0.0,EntryPreparationState,lower,1828.44,1685.97,0.0,-237.0566450088598,1,0.0,None,1.2448579116623475,-598.9881275841697,None,0
2023-08-28 08:00:00,1640.48,1642.41,1618.98,1639.4,98554.28,160780721.5256,2023-08-28 08:00:00,39.33,1654.75,1645.57,1650.16,1659.34,1640.98,1663.93,1636.39,1.11,-3.94,-3.96,0.01,14.16,28.07,17.27,22.52,33670.5,5321.34,10.759999999999991,0.67,-9.21,1648.78,1644.29,19.939999999999827,1.5799999999999272,4.889999999999873,9.379999999999882,-30.67,9.329999999999998,-13.91,0.020000000000000018,18.3599999999999,0.0,EntryPreparationState,lower,1639.4,1652.52,0.0,20.708783701353877,1,0.0,None,41.2955837501524,-8.076137611321702,None,0
2023-09-04 16:00:00,1625.25,1635.52,1624.47,1630.35,28409.66,46290494.1678,2023-09-04 16:00:00,41.32,1643.1,1633.88,1638.49,1647.71,1629.27,1652.32,1624.66,1.12,-7.87,-8.78,0.9,13.53,27.43,28.0,27.97,34730.044285714284,-281.26,8.1400000000001,-5.03,0.55,1633.37,1630.63,17.360000000000127,-1.0799999999999272,0.2800000000002001,3.019999999999982,-28.68,11.32,-13.9,0.9099999999999993,18.440000000000055,0.0,EntryPreparationState,lower,1630.35,1634.62,0.0,4.557208574846026,1,0.0,None,11.347161652406339,-43.80050602631336,None,0
2023-09-11 12:00:00,1585.72,1597.65,1547.23,1561.47,382868.67,600550814.1756,2023-09-11 12:00:00,14.8,1633.72,1597.48,1615.6,1651.85,1579.35,1669.97,1561.23,4.48,-11.75,-5.79,-5.95,9.09,45.55,26.91,21.34,82304.25142857143,26752.52,54.12999999999988,23.76,-6.73,1607.59,1586.19,90.37999999999988,17.87999999999988,24.720000000000027,46.11999999999989,-55.2,-15.2,-36.459999999999994,-5.96,72.5,0.0,EntryPreparationState,lower,1561.47,1608.82,0.0,87.6719687217812,1,0.0,None,120.67932717247204,-65.60667255855087,None,0
2023-09-21 12:00:00,1593.72,1595.99,1565.58,1582.99,192453.03,304181439.2203,2023-09-21 12:00:00,27.79,1640.94,1604.23,1622.59,1659.3,1585.88,1677.66,1567.52,4.52,-7.74,-1.78,-5.95,11.08,35.12,20.43,18.94,94178.27785714286,12218.39,39.59999999999991,17.57,-8.32,1616.0,1599.21,76.30999999999995,2.8900000000001,16.220000000000027,33.00999999999999,-42.21,-2.210000000000001,-24.04,-5.96,73.41999999999985,0.0,EntryPreparationState,lower,1582.99,1590.51,0.0,10.951511380362444,1,0.0,None,32.537244707799985,-45.599698671501116,None,0
2023-10-09 12:00:00,1589.55,1596.85,1582.33,1585.39,97071.39,154274462.1731,2023-10-09 12:00:00,28.93,1640.19,1609.02,1624.61,1655.78,1593.43,1671.37,1577.84,3.83,-10.01,-6.17,-3.84,10.72,34.65,28.93,27.32,53585.94285714285,5861.27,39.2199999999998,19.83,-0.75,1618.77,1601.31,70.38999999999987,8.039999999999964,15.919999999999845,33.37999999999988,-41.07,-1.0700000000000003,-23.93,-3.84,62.34999999999991,0.0,EntryPreparationState,lower,1585.39,1555.63,0.0,-59.61421921419951,1,0.0,None,13.598050322002745,-134.49169415727357,None,0
2023-11-13 16:00:00,2106.89,2120.58,2066.0,2102.09,228897.39,479345266.1918,2023-11-13 16:00:00,66.76,2073.24,2034.93,2054.08,2092.39,2015.78,2111.55,1996.62,3.72,23.64,26.07,-2.42,24.64,16.13,19.91,28.12,135080.08,11169.2,-48.01000000000022,7.73,8.09,2061.67,2083.9,-9.700000000000273,-86.31000000000017,-18.190000000000055,-40.42000000000007,-3.239999999999995,36.760000000000005,8.510000000000002,-2.4299999999999997,76.6099999999999,0.0,EntryPreparationState,upper,2102.09,2033.21,0.0,-101.60216593961268,1,0.0,None,0.7959235808168157,-113.29053323121325,None,0
2023-11-14 20:00:00,1979.84,1995.63,1969.32,1980.15,127204.21,252068625.5471,2023-11-14 20:00:00,37.74,2068.28,2009.26,2038.77,2097.79,1979.75,2127.3,1950.24,5.78,-1.13,12.5,-13.63,13.48,31.5,19.15,21.77,191497.9842857143,782.31,58.61999999999989,25.2,-3.17,2046.19,2004.19,117.63999999999987,-0.40000000000009095,24.039999999999964,66.03999999999996,-32.26,7.740000000000002,-18.02,-13.629999999999999,118.03999999999996,0.0,EntryPreparationState,lower,1980.15,2053.44,0.0,107.73704264828457,1,0.0,None,109.7974926141962,-25.328634194379266,None,0
2023-11-27 16:00:00,2003.74,2025.63,1985.0,1995.4,158390.37,317990812.2771,2023-11-27 16:00:00,32.12,2080.48,2021.28,2050.88,2110.08,1991.68,2139.68,1962.08,5.77,-8.79,2.75,-11.55,12.35,31.7,19.15,17.11,96103.73928571427,6502.14,55.48000000000002,22.36,-3.1,2043.59,2014.52,114.67999999999984,-3.7200000000000273,19.11999999999989,48.18999999999983,-37.88,2.1199999999999974,-19.35,-11.54,118.39999999999986,0.0,EntryPreparationState,lower,1995.4,2060.34,0.0,94.33455948681986,1,0.0,None,118.76575122782442,-15.237456149143146,None,0
2023-12-11 08:00:00,2238.12,2254.33,2231.02,2250.94,84028.82,188625753.3887,2023-12-11 08:00:00,37.87,2356.64,2275.7,2316.17,2397.12,2235.23,2437.59,2194.75,6.98,-1.83,16.82,-18.65,14.37,40.6,35.37,37.65,131594.655,2478.21,65.23000000000002,31.1,0.32,2316.98,2270.15,146.17999999999984,-15.710000000000036,19.210000000000036,66.03999999999996,-32.13,7.869999999999997,-26.230000000000004,-18.65,161.88999999999987,0.0,EntryPreparationState,lower,2250.94,2254.32,0.0,1.2047846677389313,1,0.0,None,4.776625765235803,-147.21320959243695,None,0
2023-12-18 12:00:00,2143.3,2175.0,2128.12,2156.46,127539.82,274835055.1381,2023-12-18 12:00:00,35.78,2245.49,2176.44,2210.96,2280.01,2141.92,2314.54,2107.39,6.24,-23.85,-15.22,-8.63,8.61,31.3,34.68,29.52,85504.25857142858,6240.25,54.5,5.01,0.92,2192.36,2164.62,123.55000000000018,-14.539999999999964,8.159999999999854,35.90000000000009,-34.22,5.780000000000001,-22.69,-8.63,138.09000000000015,0.0,EntryPreparationState,lower,2156.46,2221.37,0.0,87.00077070754806,1,0.0,None,94.62437606076601,-12.245215770289906,None,0
2023-12-26 08:00:00,2242.19,2245.99,2216.17,2244.75,121026.91,270220862.2744,2023-12-26 08:00:00,41.46,2290.8,2254.86,2272.83,2308.77,2236.89,2326.74,2218.92,3.16,-1.53,5.73,-7.27,15.65,26.62,16.45,20.77,85100.11642857143,3389.78,28.079999999999927,5.86,-2.2,2270.62,2254.93,64.01999999999998,-7.860000000000127,10.179999999999836,25.86999999999989,-28.54,11.46,-10.97,-7.260000000000001,71.88000000000011,0.0,EntryPreparationState,lower,2244.75,2288.52,0.0,55.1964918142332,1,0.0,None,63.85669896425016,-89.8352489141328,None,0
2024-01-03 16:00:00,2241.5,2246.74,2186.88,2207.11,194156.56,431193343.0701,2024-01-03 16:00:00,30.33,2370.2,2269.97,2320.08,2420.31,2219.86,2470.42,2169.74,8.63,-7.85,7.1,-14.96,12.55,44.48,25.2,20.87,167957.12428571426,10990.5,112.9699999999998,30.26,-4.36,2330.47,2264.35,213.19999999999982,12.75,57.23999999999978,123.35999999999967,-39.67,0.3299999999999983,-31.929999999999996,-14.95,200.44999999999982,0.0,EntryPreparationState,lower,2207.11,2268.75,0.0,80.48377153834618,1,0.0,None,118.44744348944978,-18.876930918712606,None,0
2024-01-08 04:00:00,2190.43,2230.79,2187.36,2223.98,92367.21,204095363.9449,2024-01-08 04:00:00,44.59,2255.69,2224.67,2240.18,2271.2,2209.17,2286.71,2193.66,2.76,-15.28,-14.51,-0.77,11.71,30.07,33.02,32.58,58053.15285714285,-1549.62,16.199999999999818,-3.65,1.41,2231.36,2219.31,47.2199999999998,-14.809999999999945,-4.670000000000073,7.380000000000109,-25.409999999999997,14.590000000000003,-18.36,-0.7699999999999996,62.029999999999745,0.0,EntryPreparationState,lower,2223.98,2240.9,0.0,19.523946258509294,1,0.0,None,21.641771059091933,-30.076319930934734,None,0
2024-01-18 20:00:00,2439.89,2472.51,2428.43,2471.57,128399.95,314936661.5346,2024-01-18 20:00:00,39.74,2555.41,2491.02,2523.21,2587.6,2458.83,2619.79,2426.63,5.1,-10.43,0.14,-10.57,11.8,29.33,15.17,14.18,112341.90714285713,-6136.34,51.63999999999987,22.39,-1.28,2514.95,2484.68,116.02999999999975,-12.740000000000236,13.109999999999673,43.379999999999654,-30.259999999999998,9.740000000000002,-17.529999999999998,-10.57,128.76999999999998,0.0,EntryPreparationState,lower,2471.57,2253.12,0.0,-268.455346601553,1,0.0,None,38.03000481475301,-372.78174642029154,None,0
2024-02-04 20:00:00,2278.37,2310.57,2272.39,2288.1,89854.41,206109483.7342,2024-02-04 20:00:00,46.28,2308.24,2288.73,2298.49,2317.99,2278.98,2327.75,2269.22,1.69,-2.26,0.28,-2.55,12.55,22.23,13.31,13.19,46308.80071428571,-4369.72,10.389999999999873,-6.19,0.07,2295.83,2290.04,29.889999999999873,-9.11999999999989,1.9400000000000546,7.730000000000018,-23.72,16.28,-9.68,-2.54,39.00999999999976,0.0,EntryPreparationState,lower,2288.1,2309.94,0.0,25.335112101744198,1,0.0,None,28.022931690048335,-31.17465582797904,None,0
2024-03-14 16:00:00,3848.91,3901.98,3724.0,3789.54,331450.22,1263923355.0239,2024-03-14 16:00:00,32.31,4022.32,3890.43,3956.38,4088.26,3824.49,4154.2,3758.55,6.66,-8.8,20.44,-29.24,10.94,35.63,20.21,15.09,153985.5242857143,13665.94,166.84000000000015,95.25,-6.77,3955.0,3871.32,298.72000000000025,34.94999999999982,81.7800000000002,165.46000000000004,-37.69,2.3100000000000023,-24.690000000000005,-29.240000000000002,263.77000000000044,0.0,EntryPreparationState,lower,3789.54,3516.49,0.0,-219.46080051932432,1,0.0,None,115.02042939248595,-583.8744232809256,None,0
2024-04-02 04:00:00,3368.26,3392.0,3339.16,3365.41,121390.24,409204787.9763,2024-04-02 04:00:00,34.05,3593.5,3434.34,3513.92,3673.08,3354.76,3752.67,3275.18,9.05,-28.69,-3.56,-25.12,13.36,36.68,22.32,16.44,115708.25357142858,6572.88,148.51000000000022,45.14,-2.13,3503.19,3417.49,307.6700000000001,-10.649999999999636,52.07999999999993,137.7800000000002,-35.95,4.049999999999997,-23.32,-25.130000000000003,318.3199999999997,0.0,EntryPreparationState,lower,3365.41,3365.88,0.0,-2.8810317316463627,1,0.0,None,24.96698678615685,-148.78004552194244,None,0
2024-04-05 12:00:00,3242.54,3331.94,3207.59,3327.5,242845.09,795028373.2349,2024-04-05 12:00:00,46.29,3372.06,3305.87,3338.96,3405.16,3272.77,3438.25,3239.67,3.96,-39.31,-44.25,4.94,11.3,25.64,35.18,35.06,141149.67071428572,12181.23,11.460000000000036,-14.96,-1.97,3321.9,3301.65,77.65999999999985,-54.73000000000002,-25.84999999999991,-5.599999999999909,-23.71,16.29,-14.34,4.939999999999998,132.38999999999987,0.0,EntryPreparationState,lower,3327.5,3336.88,0.0,5.156799398948532,1,0.0,None,30.22967693463597,-22.68392186326064,None,0
2024-04-12 16:00:00,3441.01,3455.87,3060.11,3205.36,688905.53,2249657134.7905,2024-04-12 16:00:00,26.02,3564.59,3413.99,3489.29,3639.89,3338.69,3715.19,3263.39,8.63,-22.91,7.25,-30.16,9.91,47.83,22.9,23.36,153727.40142857144,40516.71,283.92999999999984,134.66,-28.03,3476.81,3377.66,434.52999999999975,133.32999999999993,172.29999999999973,271.4499999999998,-43.980000000000004,-3.9800000000000004,-37.92,-30.16,301.1999999999998,0.0,EntryPreparationState,lower,3205.36,3240.76,0.0,29.832003893478213,1,0.0,None,88.40264806449177,-390.9070082611632,None,0
2024-04-17 16:00:00,2944.81,3042.99,2910.91,3000.45,285327.74,852105175.1211,2024-04-17 16:00:00,39.53,3159.65,3020.93,3090.29,3229.01,2951.56,3298.37,2882.2,8.97,-65.2,-65.34,0.14,9.96,30.72,42.87,42.52,202553.92500000002,10006.94,89.84000000000015,7.51,-0.1,3043.26,3009.05,228.5600000000004,-48.88999999999987,8.600000000000364,42.8100000000004,-30.47,9.530000000000001,-20.759999999999998,0.14000000000000057,277.4500000000003,0.0,EntryPreparationState,lower,3000.45,3066.67,0.0,62.91006848972684,1,0.0,None,90.2759636054595,-52.33264510323424,None,0
2024-04-30 12:00:00,3005.32,3037.24,2960.13,2993.06,341679.51,1025198348.1646,2024-04-30 12:00:00,29.88,3252.94,3072.54,3162.74,3343.14,2982.34,3433.34,2892.14,11.4,-27.28,-0.37,-26.9,14.75,35.86,20.68,21.91,169193.95785714287,17066.93,169.67999999999984,48.13,-5.97,3139.94,3062.15,350.0799999999999,-10.7199999999998,69.09000000000015,146.8800000000001,-40.120000000000005,-0.120000000000001,-21.11,-26.91,360.7999999999997,0.0,EntryPreparationState,lower,2993.06,3074.28,0.0,78.10832459088688,1,0.0,None,89.10376069975173,-182.19384108571177,None,0
2024-05-10 16:00:00,2916.61,2933.87,2875.69,2900.4,189896.12,551118960.2315,2024-05-10 16:00:00,32.0,3045.96,2965.63,3005.8,3086.13,2925.46,3126.3,2885.29,5.34,-25.71,-19.49,-6.21,14.52,30.94,15.84,15.52,86610.79785714285,7172.56,105.40000000000009,20.3,-6.51,2995.26,2951.6,185.73000000000002,25.059999999999945,51.19999999999982,94.86000000000013,-38.0,2.0,-16.42,-6.220000000000002,160.67000000000007,0.0,EntryPreparationState,lower,2900.4,2952.76,0.0,50.85804716590856,1,0.0,None,55.036781133637035,-42.4290856433593,None,0
