start_at,open,high,low,close,volume,turnover,date,funding_rate,p_close,oi,rsi,upper1,lower1,middle,upper2,lower2,upper3,lower3,macd,macdsignal,macdhist,p_di,m_di,adx,adxr,volume_ma,volume_ma_diff,middle_diff,band_diff,di_diff,sma,ema,upper_diff,lower_diff,ema_diff,sma_diff,rsi_sell,rsi_buy,dmi_diff,macd_diff,bol_diff,state,bb_direction,entry_price,exit_price,current_profit,bb_profit,profit_max,profit_min,profit_mean,prediction,profit_ma,entry_volume
2023-09-03 01:00:00,25858.1,25895.1,25843.6,25852.0,583.994,15107104.2541,2023-09-03 01:00:00,0.0001,-0.000578,57211.418,50.48,25866.13,25804.16,25835.15,25897.12,25773.18,25928.11,25742.19,-6.72,-20.38,13.66,25.84,21.38,18.02,26.55,1528.206785714288,-140.64,-16.849999999998545,2.8,2.15,25836.68,25852.21,45.11999999999898,-78.81999999999971,0.20999999999912689,-15.319999999999709,-19.520000000000003,20.479999999999997,4.460000000000001,13.66,123.93999999999869,None,None,25873.1,0.0,0.0,0.0,0.0,0.0,0.0,0,0.0,810.997
2023-09-03 02:00:00,25852.0,25872.0,25841.4,25845.2,375.149,9699613.8021,2023-09-03 02:00:00,0.0001,-0.000599,57334.605,49.48,25866.31,25805.9,25836.1,25896.52,25775.69,25926.73,25745.48,-5.73,-17.45,11.71,25.06,20.95,17.37,25.84,1501.2134285714308,-26.99,-9.100000000002183,-0.22,1.79,25841.58,25849.41,51.31999999999971,-69.51000000000204,4.209999999999127,-3.6199999999989814,-20.520000000000003,19.479999999999997,4.109999999999999,11.719999999999999,120.83000000000175,None,None,25873.1,0.0,0.0,0.0,0.0,0.0,0.0,0,0.0,810.997
2023-09-03 03:00:00,25845.2,25859.9,25840.0,25849.5,266.965,6900128.319,2023-09-03 03:00:00,0.0001,-0.000543,57443.216,50.15,25866.02,25808.74,25837.38,25894.65,25780.11,25923.29,25751.47,-4.55,-14.87,10.31,24.53,20.66,16.74,24.79,1402.7317142857162,-98.48,-12.119999999998981,-6.88,-1.01,25847.52,25849.44,45.150000000001455,-69.38999999999942,-0.06000000000130967,-1.9799999999995634,-19.85,20.15,3.870000000000001,10.32,114.54000000000087,None,None,25873.1,0.0,0.0,0.0,0.0,0.0,0.0,0,0.0,810.997
2023-09-03 04:00:00,25849.5,25867.2,25849.4,25863.9,325.677,8421657.066,2023-09-03 04:00:00,0.0001,-0.000427,57408.445,52.44,25865.37,25814.44,25839.91,25890.83,25788.98,25916.29,25763.52,-2.43,-12.38,9.95,24.86,20.26,16.27,23.49,1280.526500000002,-122.2,-23.9900000000016,-14.55,0.19,25852.13,25855.22,26.93000000000029,-74.92000000000189,-8.680000000000291,-11.770000000000437,-17.560000000000002,22.439999999999998,4.599999999999998,9.950000000000001,101.85000000000218,None,None,25873.1,0.0,0.0,0.0,0.0,0.0,0.0,0,0.0,810.997
2023-09-03 05:00:00,25863.9,25893.9,25861.8,25886.4,770.868,19949246.8938,2023-09-03 05:00:00,0.0001,-0.000503,57430.914,55.85,25870.86,25817.81,25844.33,25897.38,25791.28,25923.91,25764.76,1.05,-9.69,10.75,27.0,19.51,16.26,22.42,973.760642857145,-306.76,-42.06999999999971,0.43,3.21,25856.95,25867.69,10.979999999999563,-95.12000000000262,-18.710000000002765,-29.450000000000728,-14.149999999999999,25.85,7.489999999999998,10.74,106.10000000000218,None,None,25873.1,0.0,0.0,0.0,0.0,0.0,0.0,0,0.0,810.997
2023-09-03 06:00:00,25886.4,25934.1,25878.3,25900.4,1241.677,32169418.815,2023-09-03 06:00:00,0.0001,-0.000314,57542.319,57.87,25878.75,25820.59,25849.67,25907.83,25791.51,25936.91,25762.44,4.89,-6.77,11.67,29.9,18.26,16.83,21.89,912.2407857142878,-61.51,-50.7300000000032,16.77,6.28,25862.77,25880.77,7.430000000000291,-108.89000000000306,-19.63000000000102,-37.63000000000102,-12.130000000000003,27.869999999999997,11.639999999999997,11.66,116.32000000000335,None,None,25873.1,0.0,0.0,0.0,0.0,0.0,0.0,0,0.0,810.997
2023-09-03 07:00:00,25900.4,25940.8,25892.0,25940.8,1183.655,30675394.7224,2023-09-03 07:00:00,0.0001,-0.000412,57799.284,63.12,25892.8,25823.9,25858.35,25927.25,25789.45,25961.69,25755.01,11.06,-3.21,14.27,28.97,17.21,17.44,21.74,894.5670000000019,-17.67,-82.45000000000073,31.92,3.01,25872.66,25904.78,-13.549999999999272,-151.34999999999854,-36.02000000000044,-68.13999999999942,-6.880000000000003,33.12,11.759999999999998,14.27,137.79999999999927,EntryPreparationState,upper,25873.1,0.0,0.0,0.0,0.0,0.0,0.0,0,0.0,810.997
2023-09-03 08:00:00,25940.8,25941.6,25866.0,25873.1,1226.245,31750864.514,2023-09-03 08:00:00,3.091e-05,-0.000353,58042.442,51.53,25892.09,25827.42,25859.75,25924.43,25795.08,25956.76,25762.75,10.37,-0.49,10.86,26.45,18.71,17.42,21.19,758.725142857145,-135.84,-13.349999999998545,10.96,-4.94,25874.37,25892.11,51.330000000001746,-78.0199999999968,19.010000000002037,1.2700000000004366,-18.47,21.53,7.739999999999998,10.86,129.34999999999854,PositionState,upper,25873.1,25859.6,0.0,-13.5,56.900000000001455,-13.5,19.637500000001182,0,-8.889999999999418,810.997
2023-09-03 13:00:00,25883.7,25934.0,25801.1,25876.0,5776.779,149425169.417,2023-09-03 13:00:00,3.091e-05,-0.000479,57787.509,50.33,25909.4,25840.49,25874.94,25943.85,25806.03,25978.31,25771.58,12.92,9.27,3.64,29.34,17.32,19.91,19.3,1648.8607142857165,362.81,-1.0600000000013097,-10.9,0.88,25899.93,25891.28,67.84999999999854,-69.97000000000116,15.279999999998836,23.93000000000029,-19.67,20.33,12.02,3.6500000000000004,137.8199999999997,PositionState,upper,26037.2,25859.6,2.900000000001455,0.0,0.0,0.0,0.0,0,0.0,2787.942
2023-09-03 14:00:00,25876.0,25920.5,25866.0,25910.5,1377.479,35669862.9284,2023-09-03 14:00:00,3.091e-05,-0.00055,57790.156,55.09,25909.48,25847.17,25878.33,25940.64,25816.02,25971.8,25784.86,13.9,10.19,3.7,27.78,16.39,20.33,19.18,1692.4845714285736,43.62,-32.169999999998254,-19.12,-4.93,25902.61,25898.97,30.139999999999418,-94.47999999999956,-11.529999999998836,-7.889999999999418,-14.909999999999997,25.090000000000003,11.39,3.710000000000001,124.61999999999898,PositionState,upper,26037.2,25859.6,37.400000000001455,0.0,0.0,0.0,0.0,0,0.0,2787.942
2023-09-03 15:00:00,25910.5,25911.0,25835.1,25859.6,1075.132,27809362.4192,2023-09-03 15:00:00,3.091e-05,-0.000543,58175.581,47.81,25905.54,25847.55,25876.54,25934.53,25818.56,25963.52,25789.57,10.45,10.25,0.2,25.72,18.19,20.1,18.74,1727.5658571428592,35.08,16.94000000000233,-11.86,-5.42,25898.07,25883.22,74.93000000000029,-41.039999999997235,23.62000000000262,38.470000000001164,-22.189999999999998,17.810000000000002,7.529999999999998,0.1999999999999993,115.96999999999753,None,upper,26037.2,25859.6,-13.5,0.0,0.0,0.0,0.0,0,0.0,2787.942
2023-09-03 16:00:00,25859.6,25881.2,25783.0,25832.0,2685.131,69343963.9368,2023-09-03 16:00:00,3.99e-06,-0.000548,58324.916,44.39,25902.03,25842.58,25872.3,25931.75,25812.85,25961.48,25783.13,5.43,9.28,-3.85,23.31,21.45,18.96,17.85,1892.5645714285736,164.99,40.29999999999927,-3.17,-7.73,25885.98,25862.73,99.75,-19.150000000001455,30.729999999999563,53.97999999999956,-25.61,14.39,1.8599999999999994,-3.8499999999999996,118.90000000000146,None,None,26037.2,0.0,0.0,0.0,0.0,0.0,0.0,0,0.0,2787.942
2023-09-03 17:00:00,25832.0,25876.6,25821.3,25875.4,1219.733,31530159.6752,2023-09-03 17:00:00,3.99e-06,-0.000416,58410.086,50.4,25901.6,25843.59,25872.6,25930.61,25814.58,25959.62,25785.57,4.89,8.4,-3.51,22.06,20.3,17.9,17.09,1960.6194285714307,68.05,-2.8000000000029104,-5.65,-2.51,25886.24,25867.8,55.20999999999913,-60.81999999999971,-7.600000000002183,10.840000000000146,-19.6,20.4,1.759999999999998,-3.5100000000000007,116.02999999999884,None,None,26037.2,0.0,0.0,0.0,0.0,0.0,0.0,0,0.0,2787.942
2023-09-03 18:00:00,25875.4,26026.3,25868.0,25924.8,5766.947,149678547.81,2023-09-03 18:00:00,3.99e-06,-0.000477,58355.04,56.21,25907.65,25847.48,25877.57,25937.74,25817.4,25967.82,25787.31,8.35,8.39,-0.03,32.36,17.42,18.77,17.51,2349.281571428574,388.66,-47.22999999999956,3.17,11.93,25890.01,25890.6,12.940000000002328,-107.39999999999782,-34.20000000000073,-34.79000000000087,-13.79,26.21,14.939999999999998,-0.040000000000000924,120.34000000000015,None,None,26037.2,0.0,0.0,0.0,0.0,0.0,0.0,0,0.0,2787.942
2023-09-03 19:00:00,25924.8,26005.4,25918.4,25999.1,1765.007,45829759.4957,2023-09-03 19:00:00,3.99e-06,-0.000432,58283.631,63.19,25928.12,25850.16,25889.14,25967.11,25811.18,26006.09,25772.19,16.9,10.1,6.8,29.85,16.07,19.57,18.2,2420.291500000002,71.0,-109.95999999999913,42.72,9.14,25899.01,25934.0,-31.989999999997963,-187.91999999999825,-65.09999999999854,-100.09000000000015,-6.810000000000002,33.19,13.780000000000001,6.799999999999999,155.9300000000003,EntryPreparationState,upper,26037.2,0.0,0.0,0.0,0.0,0.0,0.0,0,0.0,2787.942
2023-09-03 20:00:00,25999.1,26133.0,25954.6,26037.2,6208.856,161756242.0543,2023-09-03 20:00:00,3.99e-06,-0.00032,58498.134,66.17,25953.23,25853.25,25903.24,26003.23,25803.26,26053.22,25753.26,26.44,13.36,13.07,35.94,13.72,21.37,19.41,2775.0900000000024,354.79,-133.95999999999913,73.4,5.93,25910.92,25975.28,-33.970000000001164,-233.94000000000233,-61.92000000000189,-126.28000000000247,-3.8299999999999983,36.17,22.22,13.080000000000002,199.97000000000116,PositionState,upper,26037.2,25899.7,0.0,-137.5,0.0,-137.5,-79.9199999999997,0,-41.5,2787.942
2023-09-07 11:00:00,25738.4,25746.3,25673.5,25697.1,2723.064,69982808.3991,2023-09-07 11:00:00,0.0001,-0.000435,58520.063,45.84,25795.3,25673.64,25734.47,25856.14,25612.81,25916.97,25551.97,2.5,5.75,-3.25,19.03,14.3,32.47,28.56,1253.0770000000023,49.88,37.37000000000262,-43.67,-4.03,25756.23,25722.58,159.04000000000087,-84.28999999999724,25.4800000000032,59.13000000000102,-24.159999999999997,15.840000000000003,4.73,-3.25,243.3299999999981,None,None,25889.4,0.0,0.0,0.0,0.0,0.0,0.0,0,0.0,1720.016
2023-09-07 12:00:00,25697.1,25706.5,25620.3,25646.8,3250.813,83434048.7565,2023-09-07 12:00:00,0.0001,-0.000512,58698.577,41.16,25780.99,25671.25,25726.12,25835.86,25616.38,25890.73,25561.52,-4.82,3.63,-8.46,17.55,17.97,30.24,28.28,1350.6912857142877,97.61,79.31999999999971,-45.18,-6.48,25736.75,25692.27,189.0600000000013,-30.419999999998254,45.470000000001164,89.95000000000073,-28.840000000000003,11.159999999999997,-0.41999999999999815,-8.45,219.47999999999956,None,None,25889.4,0.0,0.0,0.0,0.0,0.0,0.0,0,0.0,1720.016
2023-09-07 13:00:00,25646.8,25764.0,25613.1,25631.4,4113.568,105632236.432,2023-09-07 13:00:00,0.0001,-0.000532,58891.774,39.82,25769.89,25664.31,25717.1,25822.68,25611.52,25875.47,25558.73,-11.74,0.56,-12.3,20.17,15.68,28.97,28.35,1564.7239285714309,214.03,85.69999999999709,-28.59,3.43,25717.02,25667.92,191.27999999999884,-19.88000000000102,36.5199999999968,85.61999999999898,-30.18,9.82,4.490000000000002,-12.3,211.15999999999985,None,None,25889.4,0.0,0.0,0.0,0.0,0.0,0.0,0,0.0,1720.016
2023-09-07 14:00:00,25631.4,25755.9,25601.7,25755.7,4080.675,104802681.0636,2023-09-07 14:00:00,0.0001,-0.000514,58612.218,53.09,25767.66,25673.89,25720.78,25814.55,25627.0,25861.44,25580.11,-7.11,-0.97,-6.14,17.69,14.66,27.57,28.21,1809.574285714288,244.85,-34.92000000000189,-36.79,1.16,25714.68,25703.03,58.849999999998545,-128.70000000000073,-52.67000000000189,-41.02000000000044,-16.909999999999997,23.090000000000003,3.030000000000001,-6.140000000000001,187.54999999999927,None,None,25889.4,0.0,0.0,0.0,0.0,0.0,0.0,0,0.0,1720.016
2023-09-07 15:00:00,25755.7,25821.5,25724.0,25768.7,5432.051,140014622.6024,2023-09-07 15:00:00,0.0001,-0.00046,59107.138,54.23,25771.15,25679.52,25725.34,25816.97,25633.71,25862.78,25587.9,-2.36,-1.25,-1.11,21.52,13.53,27.23,28.61,2142.8280000000022,333.25,-43.36000000000058,-12.41,2.47,25716.22,25729.3,48.27000000000044,-134.9900000000016,-39.400000000001455,-52.47999999999956,-15.770000000000003,24.229999999999997,7.99,-1.1099999999999999,183.26000000000204,None,None,25889.4,0.0,0.0,0.0,0.0,0.0,0.0,0,0.0,1720.016
2023-09-07 16:00:00,25768.7,25971.8,25762.3,25815.0,9460.021,244660431.5155,2023-09-07 16:00:00,2.06e-05,-0.000616,59297.281,58.12,25780.38,25687.37,25733.88,25826.89,25640.87,25873.4,25594.36,5.07,0.01,5.05,29.14,11.48,28.39,29.93,2754.4180714285735,611.59,-81.11999999999898,5.18,13.49,25723.32,25763.58,11.889999999999418,-174.13000000000102,-51.419999999998254,-91.68000000000029,-11.880000000000003,28.119999999999997,17.66,5.0600000000000005,186.02000000000044,None,None,25889.4,0.0,0.0,0.0,0.0,0.0,0.0,0,0.0,1720.016
2023-09-07 17:00:00,25815.0,25953.5,25780.0,25917.2,4746.951,122793919.7931,2023-09-07 17:00:00,2.06e-05,-0.00058,58071.322,65.16,25810.99,25691.68,25751.34,25870.64,25632.03,25930.29,25572.38,18.99,3.8,15.18,25.67,10.11,29.46,31.17,2962.6812142857166,208.26,-165.86000000000058,62.5,5.52,25743.93,25825.02,-46.56000000000131,-285.1700000000019,-92.18000000000029,-173.27000000000044,-4.840000000000003,35.16,15.560000000000002,15.189999999999998,238.61000000000058,EntryPreparationState,upper,25889.4,0.0,0.0,0.0,0.0,0.0,0.0,0,0.0,1720.016
2023-09-07 18:00:00,25917.2,25969.0,25839.0,25889.4,3218.313,83361148.4071,2023-09-07 18:00:00,2.06e-05,-0.000507,58393.636,62.1,25831.05,25697.92,25764.48,25897.61,25631.36,25964.17,25564.8,27.46,8.54,18.92,24.46,9.22,30.59,32.32,3062.233071428574,99.55,-124.92000000000189,71.38,-3.79,25762.18,25850.77,8.209999999999127,-258.0400000000009,-38.63000000000102,-127.22000000000116,-7.899999999999999,32.1,15.24,18.92,266.25,PositionState,upper,25889.4,26033.4,0.0,144.0,455.6999999999971,-18.900000000001455,281.6999999999982,0,292.9300000000003,1720.016
2023-09-13 03:00:00,25897.8,25912.0,25822.0,25865.9,1947.163,50367855.8499,2023-09-13 03:00:00,2.247e-05,-0.000253,61904.329,49.73,26039.17,25775.81,25907.49,26170.85,25644.14,26302.53,25512.46,59.85,97.36,-37.5,28.8,19.14,38.75,39.66,6697.543214285716,-619.63,41.590000000000146,-32.69,-3.62,25955.04,25898.27,304.9499999999971,-221.76000000000204,32.36999999999898,89.13999999999942,-20.270000000000003,19.729999999999997,9.66,-37.51,526.7099999999991,None,None,26140.6,0.0,0.0,0.0,0.0,0.0,0.0,0,0.0,3963.672
2023-09-13 04:00:00,25865.9,25934.9,25848.9,25910.3,2033.12,52656642.8476,2023-09-13 04:00:00,2.247e-05,-0.000601,62015.853,51.66,26028.65,25786.87,25907.76,26149.55,25665.97,26270.44,25545.08,53.33,88.56,-35.22,28.72,18.48,37.53,39.47,5866.922214285717,-830.62,-2.540000000000873,-54.05,-0.44,25939.95,25903.08,239.25,-244.3299999999981,-7.219999999997526,29.650000000001455,-18.340000000000003,21.659999999999997,10.239999999999998,-35.230000000000004,483.5799999999981,None,None,26140.6,0.0,0.0,0.0,0.0,0.0,0.0,0,0.0,3963.672
2023-09-13 05:00:00,25910.3,25913.3,25833.5,25881.0,2056.286,53208438.0979,2023-09-13 05:00:00,2.247e-05,-0.000696,62053.6,50.29,26024.97,25785.45,25905.21,26144.73,25665.69,26264.49,25545.94,45.28,79.9,-34.62,27.77,18.51,36.28,39.63,5660.0932142857155,-206.82,24.209999999999127,-25.83,-1.06,25920.02,25894.25,263.72999999999956,-215.3100000000013,13.25,39.02000000000044,-19.71,20.29,9.259999999999998,-34.620000000000005,479.0400000000009,None,None,26140.6,0.0,0.0,0.0,0.0,0.0,0.0,0,0.0,3963.672
2023-09-13 06:00:00,25881.0,25991.0,25850.0,25940.0,2271.221,58866076.2347,2023-09-13 06:00:00,2.247e-05,-0.000547,61850.941,52.99,26024.63,25792.42,25908.52,26140.73,25676.31,26256.84,25560.21,43.16,72.55,-29.39,29.39,17.41,35.52,39.31,4352.64342857143,-1307.44,-31.479999999999563,-19.44,1.77,25903.34,25912.55,200.72999999999956,-263.6899999999987,-27.450000000000728,-36.659999999999854,-17.009999999999998,22.990000000000002,11.98,-29.39,464.41999999999825,None,None,26140.6,0.0,0.0,0.0,0.0,0.0,0.0,0,0.0,3963.672
2023-09-13 07:00:00,25940.0,26100.0,25831.5,25865.4,10538.868,273703023.5221,2023-09-13 07:00:00,2.247e-05,-0.000345,62007.974,49.34,26022.3,25786.53,25904.42,26140.18,25668.65,26258.06,25550.77,35.05,65.05,-29.99,30.61,15.52,35.31,39.27,4157.955500000003,-194.68,39.0199999999968,3.11,4.73,25893.04,25893.69,274.77999999999884,-196.75,28.289999999997235,27.639999999999418,-20.659999999999997,19.340000000000003,15.09,-30.0,471.52999999999884,None,None,26140.6,0.0,0.0,0.0,0.0,0.0,0.0,0,0.0,3963.672
2023-09-13 08:00:00,25865.4,25954.9,25850.4,25938.9,2195.233,56887679.7986,2023-09-13 08:00:00,-3.967e-05,-0.000451,61410.312,52.79,26022.74,25792.66,25907.7,26137.78,25677.62,26252.82,25562.58,34.17,58.88,-24.7,29.28,14.85,35.13,39.52,4007.1597142857167,-150.79,-31.200000000000728,-11.91,0.56,25905.7,25911.77,198.87999999999738,-261.2800000000025,-27.13000000000102,-33.20000000000073,-17.21,22.79,14.430000000000001,-24.71,460.15999999999985,None,None,26140.6,0.0,0.0,0.0,0.0,0.0,0.0,0,0.0,3963.672
2023-09-13 09:00:00,25938.9,26189.0,25910.8,26135.7,11303.45,294485300.306,2023-09-13 09:00:00,-3.967e-05,-0.000553,61599.577,60.55,26031.53,25827.3,25929.41,26133.65,25725.18,26235.77,25623.06,48.78,56.86,-8.07,35.36,13.2,35.88,40.22,4178.742642857144,171.58,-206.29000000000087,-54.09,6.4,25931.22,26001.34,-2.0499999999992724,-410.52000000000044,-134.36000000000058,-204.47999999999956,-9.450000000000003,30.549999999999997,22.16,-8.079999999999998,408.47000000000116,EntryPreparationState,upper,26140.6,0.0,0.0,0.0,0.0,0.0,0.0,0,0.0,3963.672
2023-09-13 10:00:00,26135.7,26220.0,26081.3,26140.6,5728.821,149754681.7628,2023-09-13 10:00:00,-3.967e-05,-0.000463,59273.961,60.72,26054.59,25844.46,25949.53,26159.65,25739.4,26264.71,25634.34,60.07,57.5,2.57,34.63,12.46,36.68,40.97,4483.873214285717,305.13,-191.0699999999997,7.65,6.09,25952.84,26057.04,19.05000000000291,-401.1999999999971,-83.55999999999767,-187.7599999999984,-9.280000000000001,30.72,22.17,2.5700000000000003,420.25,PositionState,upper,26140.6,26468.7,0.0,328.1000000000022,575.5,-65.5,205.37435897436043,0,460.3600000000006,3963.672
2023-09-15 16:00:00,26309.7,26376.3,26300.7,26365.2,3286.881,86566609.5978,2023-09-15 16:00:00,7.45e-05,-0.000501,62442.486,44.96,26571.63,26332.81,26452.22,26691.05,26213.4,26810.46,26093.99,-28.12,13.36,-41.48,21.48,22.75,32.3,40.55,3784.118500000002,65.32,87.02000000000044,7.66,2.35,26430.13,26342.33,325.84999999999854,-151.79999999999927,-22.86999999999898,64.93000000000029,-25.04,14.96,-1.2699999999999996,-41.480000000000004,477.6499999999978,PositionState,lower,26588.9,26449.9,-16.200000000000728,0.0,0.0,0.0,0.0,0,0.0,2642.36
2023-09-15 17:00:00,26365.2,26365.9,26302.0,26322.7,2200.221,57949439.7208,2023-09-15 17:00:00,7.45e-05,-0.000724,62364.182,42.8,26565.1,26314.67,26439.89,26690.32,26189.46,26815.53,26064.24,-34.05,3.88,-37.93,20.7,21.92,30.2,39.49,3829.2659285714303,45.14,117.18999999999869,21.05,2.57,26396.81,26334.48,367.619999999999,-133.2400000000016,11.779999999998836,74.11000000000058,-27.200000000000003,12.799999999999997,-1.2200000000000024,-37.93,500.8600000000006,PositionState,lower,26588.9,26449.9,26.299999999999272,0.0,0.0,0.0,0.0,0,0.0,2642.36
2023-09-15 18:00:00,26322.7,26393.2,26311.6,26331.3,2014.033,53059053.7395,2023-09-15 18:00:00,7.45e-05,-0.000387,62267.147,43.39,26556.91,26302.18,26429.55,26684.27,26174.82,26811.64,26047.45,-37.62,-4.42,-33.2,21.31,20.87,28.12,38.26,3830.354857142859,1.08,98.25,7.86,0.87,26366.52,26333.2,352.97000000000116,-156.47999999999956,1.9000000000014552,35.220000000001164,-26.61,13.39,0.4399999999999977,-33.199999999999996,509.4500000000007,PositionState,lower,26588.9,26449.9,17.700000000000728,0.0,0.0,0.0,0.0,0,0.0,2642.36
2023-09-15 19:00:00,26331.3,26429.0,26324.0,26381.1,2574.383,67957818.83,2023-09-15 19:00:00,7.45e-05,-0.000635,62330.782,46.83,26553.65,26296.21,26424.93,26682.37,26167.49,26811.09,26038.77,-36.02,-10.74,-25.28,22.1,19.57,26.54,37.23,3929.449571428573,99.09,43.830000000001746,-0.62,2.7,26338.78,26352.36,301.27000000000044,-213.60999999999694,-28.739999999997963,-42.31999999999971,-23.17,16.83,2.530000000000001,-25.28,514.8799999999974,PositionState,lower,26588.9,26449.9,-32.099999999998545,0.0,0.0,0.0,0.0,0,0.0,2642.36
2023-09-15 20:00:00,26381.1,26429.0,26353.2,26399.9,1460.513,38542478.9505,2023-09-15 20:00:00,7.45e-05,-0.000609,62141.927,48.11,26552.15,26292.94,26422.55,26681.76,26163.34,26811.36,26033.73,-32.85,-15.16,-17.69,21.08,18.67,25.08,36.15,3946.6073571428597,17.15,22.649999999997817,1.63,0.66,26337.05,26371.37,281.85999999999694,-236.5600000000013,-28.530000000002474,-62.85000000000218,-21.89,18.11,2.4099999999999966,-17.69,518.4199999999983,PositionState,lower,26588.9,26449.9,-50.900000000001455,0.0,0.0,0.0,0.0,0,0.0,2642.36
2023-09-15 21:00:00,26399.9,26490.8,26399.9,26449.9,3088.43,81687034.0918,2023-09-15 21:00:00,7.45e-05,-0.000777,62204.735,51.46,26554.71,26295.59,26425.15,26684.26,26166.04,26813.82,26036.48,-26.01,-17.33,-8.68,23.72,17.62,24.34,35.61,4066.5007142857166,119.89,-24.75,-0.81,2.66,26348.26,26402.78,234.35999999999694,-283.8600000000006,-47.12000000000262,-101.64000000000306,-18.54,21.46,6.099999999999998,-8.680000000000003,518.2199999999975,None,lower,26588.9,26449.9,-100.90000000000146,0.0,0.0,0.0,0.0,0,0.0,2642.36
2023-09-15 22:00:00,26449.9,26841.3,26449.9,26761.3,12903.515,343960796.3045,2023-09-15 22:00:00,7.45e-05,-0.000658,61853.852,66.12,26599.62,26314.71,26457.16,26742.08,26172.25,26884.54,26029.79,4.48,-12.97,17.45,37.33,13.98,25.85,36.39,4821.751928571431,755.25,-304.1399999999994,54.11,19.89,26393.72,26546.19,-19.219999999997526,-589.0499999999993,-215.11000000000058,-367.5799999999981,-3.8799999999999955,36.120000000000005,23.349999999999998,17.450000000000003,569.8300000000017,EntryPreparationState,upper,26588.9,0.0,0.0,0.0,0.0,0.0,0.0,0,0.0,2642.36
2023-09-15 23:00:00,26761.3,26890.9,26575.7,26588.9,8770.992,234559933.9571,2023-09-15 23:00:00,7.45e-05,-0.000476,60343.708,56.03,26611.62,26327.8,26469.71,26753.54,26185.89,26895.45,26043.97,14.57,-7.46,22.03,34.05,11.85,27.46,37.21,5242.691785714288,420.93,-119.19000000000233,55.64,12.45,26434.44,26563.27,164.63999999999942,-403.01000000000204,-25.63000000000102,-154.46000000000276,-13.969999999999999,26.03,22.199999999999996,22.03,567.6500000000015,PositionState,upper,26588.9,26523.7,0.0,-65.20000000000073,72.5,-65.20000000000073,7.799999999999272,0,-0.8100000000013097,2642.36
2023-09-17 20:00:00,26490.0,26490.5,26412.4,26422.8,1839.294,48655857.7739,2023-09-17 20:00:00,2.862e-05,-0.000548,58863.748,38.09,26545.98,26470.03,26508.0,26583.95,26432.06,26621.93,26394.08,-13.49,-2.15,-11.33,14.04,26.89,13.15,14.41,1315.4803571428595,102.57,85.20000000000073,11.56,-7.7,26501.05,26463.81,161.15000000000146,9.260000000002037,41.01000000000204,78.25,-31.909999999999997,8.090000000000003,-12.850000000000001,-11.34,151.88999999999942,EntryPreparationState,lower,26647.1,0.0,0.0,0.0,0.0,0.0,0.0,0,0.0,1969.188
2023-09-17 21:00:00,26422.8,26487.8,26380.0,26472.3,2251.624,59513272.0428,2023-09-17 21:00:00,2.862e-05,-0.000406,58900.272,45.37,26543.2,26466.01,26504.6,26581.79,26427.42,26620.38,26388.82,-14.5,-4.62,-9.87,12.35,27.27,14.89,14.98,1417.740000000002,102.25,32.29999999999927,0.74,-3.5,26490.83,26467.2,109.4900000000016,-44.88000000000102,-5.099999999998545,18.530000000002474,-24.630000000000003,15.369999999999997,-14.92,-9.879999999999999,154.37000000000262,PositionState,lower,26647.1,26514.6,0.0,-42.29999999999927,0.0,-42.29999999999927,-16.333333333333332,0,-21.790000000000873,1969.188
2023-09-17 22:00:00,26472.3,26479.0,26424.0,26479.0,1085.164,28702887.7826,2023-09-17 22:00:00,2.862e-05,-0.000437,58617.232,46.29,26541.25,26463.08,26502.16,26580.34,26423.99,26619.43,26384.9,-14.59,-6.61,-7.97,11.58,25.58,16.52,15.33,1394.7120714285736,-23.02,23.159999999999854,-0.18,-0.76,26485.08,26471.92,101.34000000000015,-55.0099999999984,-7.080000000001746,6.080000000001746,-23.71,16.29,-13.999999999999998,-7.9799999999999995,156.34999999999854,PositionState,lower,26647.1,26514.6,-6.700000000000728,0.0,0.0,0.0,0.0,0,0.0,1969.188
2023-09-17 23:00:00,26479.0,26527.0,26431.5,26514.6,1733.528,45904574.3016,2023-09-17 23:00:00,2.862e-05,-0.000434,58783.72,51.02,26542.44,26464.26,26503.35,26581.53,26425.17,26620.62,26386.08,-11.65,-7.62,-4.03,15.61,22.92,16.69,15.21,1413.6805714285733,18.96,-11.25,-1.43,5.91,26483.87,26488.99,66.93000000000029,-89.43000000000029,-25.609999999996944,-30.729999999999563,-18.979999999999997,21.020000000000003,-7.310000000000002,-4.03,156.36000000000058,None,lower,26647.1,26514.6,-42.29999999999927,0.0,0.0,0.0,0.0,0,0.0,1969.188
2023-09-18 00:00:00,26514.6,26542.3,26350.3,26452.7,5096.307,134748030.8131,2023-09-18 00:00:00,1.53e-06,-0.000352,58903.424,43.8,26539.39,26457.66,26498.52,26580.26,26416.79,26621.13,26375.92,-14.16,-8.93,-5.23,12.74,26.48,18.0,15.77,1650.132642857145,236.45,45.81999999999971,8.29,-2.39,26474.83,26474.47,127.55999999999767,-35.909999999999854,21.770000000000437,22.13000000000102,-26.200000000000003,13.799999999999997,-13.74,-5.23,163.46999999999753,None,None,26647.1,0.0,0.0,0.0,0.0,0.0,0.0,0,0.0,1969.188
2023-09-18 01:00:00,26452.7,26475.3,26430.1,26452.7,1311.965,34706009.0304,2023-09-18 01:00:00,1.53e-06,-0.000393,58868.582,43.8,26536.68,26451.64,26494.16,26579.2,26409.12,26621.72,26366.6,-15.96,-10.33,-5.62,12.17,25.3,19.22,16.17,1636.763785714288,-13.36,41.45999999999913,5.34,-2.25,26470.22,26465.76,126.5,-43.580000000001746,13.059999999997672,17.520000000000437,-26.200000000000003,13.799999999999997,-13.13,-5.630000000000001,170.08000000000175,None,None,26647.1,0.0,0.0,0.0,0.0,0.0,0.0,0,0.0,1969.188
2023-09-18 02:00:00,26452.7,26743.0,26447.1,26650.3,10124.854,269655687.1601,2023-09-18 02:00:00,1.53e-06,-0.000327,58851.886,63.12,26561.62,26456.44,26509.03,26614.21,26403.85,26666.81,26351.25,-1.43,-8.55,7.12,30.87,19.25,19.5,15.9,2300.5750714285737,663.81,-141.27000000000044,39.22,24.18,26490.82,26539.57,-36.090000000000146,-246.45000000000073,-110.72999999999956,-159.47999999999956,-6.880000000000003,33.12,11.620000000000001,7.120000000000001,210.36000000000058,EntryPreparationState,upper,26647.1,0.0,0.0,0.0,0.0,0.0,0.0,0,0.0,1969.188
2023-09-18 03:00:00,26650.3,26673.1,26569.7,26647.1,2632.95,70106723.8892,2023-09-18 03:00:00,1.53e-06,-0.000308,58436.683,62.74,26581.9,26462.46,26522.18,26641.62,26402.74,26701.34,26343.01,9.71,-4.9,14.61,28.33,17.67,19.76,15.65,2398.5605000000023,97.98,-124.91999999999825,63.52,17.73,26509.05,26582.58,-5.479999999999563,-244.35999999999694,-64.5199999999968,-138.04999999999927,-7.259999999999998,32.74,10.659999999999997,14.610000000000001,238.87999999999738,PositionState,upper,26647.1,26748.9,0.0,101.80000000000291,718.0,-32.0,298.05333333333476,0,455.619999999999,1969.188
2023-09-24 11:00:00,26567.9,26597.6,26567.1,26583.7,616.188,16381568.6946,2023-09-24 11:00:00,3.652e-05,-0.000496,59023.969,53.83,26585.03,26549.52,26567.28,26602.79,26531.76,26620.55,26514.01,-0.99,-4.08,3.09,23.67,18.07,15.66,17.01,422.43535714285866,-2.8,-16.42000000000189,0.62,3.41,26563.03,26574.88,19.090000000000146,-51.94000000000233,-8.819999999999709,-20.67000000000189,-16.17,23.83,5.600000000000001,3.09,71.03000000000247,None,None,26578.0,0.0,0.0,0.0,0.0,0.0,0.0,0,0.0,9234.85
2023-09-24 12:00:00,26583.7,26599.0,26568.5,26592.4,711.078,18904373.5388,2023-09-24 12:00:00,3.652e-05,-0.000548,59175.252,55.87,26587.18,26552.16,26569.67,26604.7,26534.64,26622.21,26517.13,1.03,-3.05,4.09,22.26,16.74,15.55,16.89,445.76892857143014,23.33,-22.7300000000032,1.31,2.75,26567.06,26581.89,12.299999999999272,-57.76000000000204,-10.510000000002037,-25.340000000000146,-14.130000000000003,25.869999999999997,5.520000000000003,4.08,70.06000000000131,None,None,26578.0,0.0,0.0,0.0,0.0,0.0,0.0,0,0.0,9234.85
2023-09-24 13:00:00,26592.4,26615.0,26575.5,26580.2,658.547,17511238.5473,2023-09-24 13:00:00,3.652e-05,-0.000378,59226.122,52.37,26587.95,26553.4,26570.67,26605.22,26536.12,26622.5,26518.85,1.64,-2.11,3.76,23.97,15.17,16.04,16.9,468.3080000000015,22.53,-9.530000000002474,0.95,1.86,26569.65,26581.21,25.020000000000437,-44.080000000001746,1.0099999999983993,-10.549999999999272,-17.630000000000003,22.369999999999997,8.799999999999999,3.75,69.10000000000218,None,None,26578.0,0.0,0.0,0.0,0.0,0.0,0.0,0,0.0,9234.85
2023-09-24 14:00:00,26580.2,26582.1,26569.8,26575.0,444.875,11822694.0204,2023-09-24 14:00:00,3.652e-05,-0.000384,59279.292,50.9,26586.66,26555.51,26571.08,26602.23,26539.93,26617.81,26524.36,1.68,-1.35,3.04,23.24,16.12,16.19,16.72,474.70778571428724,6.39,-3.9199999999982538,-6.28,0.02,26572.42,26578.72,27.229999999999563,-35.06999999999971,3.720000000001164,-2.5800000000017462,-19.1,20.9,7.119999999999997,3.0300000000000002,62.29999999999927,None,None,26578.0,0.0,0.0,0.0,0.0,0.0,0.0,0,0.0,9234.85
2023-09-24 15:00:00,26575.0,26582.0,26550.2,26564.5,646.822,17180837.5226,2023-09-24 15:00:00,3.652e-05,-0.00058,59365.313,47.99,26584.36,26556.55,26570.46,26598.27,26542.65,26612.17,26528.74,0.86,-0.91,1.77,21.42,19.67,15.34,15.94,492.7592857142872,18.05,5.959999999999127,-9.67,-6.09,26575.24,26573.03,33.77000000000044,-21.849999999998545,8.529999999998836,10.7400000000016,-22.009999999999998,17.990000000000002,1.75,1.77,55.61999999999898,None,None,26578.0,0.0,0.0,0.0,0.0,0.0,0.0,0,0.0,9234.85
2023-09-24 16:00:00,26564.5,26569.6,26550.6,26559.4,398.645,10588886.2132,2023-09-24 16:00:00,6.269e-05,-0.000488,59392.636,46.59,26583.19,26555.61,26569.4,26596.98,26541.83,26610.77,26528.04,-0.19,-0.76,0.57,20.4,18.73,14.55,15.47,503.82414285714447,11.06,10.0,-4.43,-1.89,26576.16,26567.58,37.57999999999811,-17.56999999999971,8.180000000000291,16.7599999999984,-23.409999999999997,16.590000000000003,1.6699999999999982,0.5700000000000001,55.14999999999782,None,None,26578.0,0.0,0.0,0.0,0.0,0.0,0.0,0,0.0,9234.85
2023-09-24 17:00:00,26559.4,26705.0,26552.8,26657.1,3287.427,87577632.0093,2023-09-24 17:00:00,6.269e-05,-0.000563,59256.579,66.63,26601.91,26553.6,26577.75,26626.06,26529.45,26650.21,26505.3,6.76,0.73,6.02,40.41,13.26,17.12,16.95,722.6887857142873,218.86,-79.34999999999854,40.17,24.45,26584.42,26603.38,-31.039999999997235,-127.64999999999782,-53.719999999997526,-72.68000000000029,-3.3700000000000045,36.629999999999995,27.15,6.029999999999999,96.61000000000058,EntryPreparationState,upper,26236.1,0.0,0.0,0.0,0.0,0.0,0.0,0,0.0,6872.743
2023-09-24 18:00:00,26657.1,26724.9,26406.0,26578.0,11039.75,293211831.5178,2023-09-24 18:00:00,6.269e-05,-0.000398,58971.366,50.2,26601.42,26554.13,26577.78,26625.07,26530.49,26648.71,26506.85,5.83,1.75,4.07,24.36,26.27,16.17,16.8,1490.9596428571442,768.27,-0.22000000000116415,27.04,-9.04,26584.24,26593.23,47.06999999999971,-47.5099999999984,15.229999999999563,6.240000000001601,-19.799999999999997,20.200000000000003,-1.9100000000000001,4.08,94.57999999999811,PositionState,upper,26236.1,26438.5,0.0,-139.5,0.0,-139.5,-69.75,0,-61.88999999999942,6872.743
2023-09-27 03:00:00,26213.3,26274.5,26213.3,26267.2,909.98,23888025.3928,2023-09-27 03:00:00,-2.91e-06,-0.000509,62165.293,54.58,26262.55,26170.88,26216.72,26308.38,26125.05,26354.21,26079.22,-7.07,-18.21,11.13,19.31,13.11,12.84,14.11,2589.6254285714303,-474.74,-50.47999999999956,-4.09,0.42,26206.66,26238.17,41.18000000000029,-142.15000000000146,-29.030000000002474,-60.54000000000087,-15.420000000000002,24.58,6.199999999999999,11.14,183.33000000000175,None,None,26427.3,0.0,0.0,0.0,0.0,0.0,0.0,0,0.0,25682.542
2023-09-27 04:00:00,26267.2,26279.9,26235.9,26235.9,1240.654,32572311.324,2023-09-27 04:00:00,-2.91e-06,-0.000509,62371.835,51.23,26263.06,26174.02,26218.54,26307.59,26129.5,26352.11,26084.98,-4.89,-15.54,10.65,19.04,12.62,13.37,14.41,2254.4966428571443,-335.12,-17.360000000000582,0.75,0.13,26206.82,26237.26,71.68999999999869,-106.40000000000146,1.359999999996944,-29.080000000001746,-18.770000000000003,21.229999999999997,6.42,10.649999999999999,178.09000000000015,None,None,26427.3,0.0,0.0,0.0,0.0,0.0,0.0,0,0.0,25682.542
2023-09-27 05:00:00,26235.9,26247.2,26221.4,26242.9,698.205,18316842.1109,2023-09-27 05:00:00,-2.91e-06,-0.000492,62264.754,51.94,26264.56,26177.16,26220.86,26308.25,26133.47,26351.95,26089.77,-2.56,-12.95,10.38,18.6,13.64,13.51,14.1,2049.82292857143,-204.67,-22.040000000000873,-4.1,-1.72,26217.47,26239.51,65.34999999999854,-109.43000000000029,-3.390000000003056,-25.43000000000029,-18.060000000000002,21.939999999999998,4.960000000000001,10.389999999999999,174.77999999999884,None,None,26427.3,0.0,0.0,0.0,0.0,0.0,0.0,0,0.0,25682.542
2023-09-27 06:00:00,26242.9,26257.2,26222.1,26247.6,1028.886,26997388.4255,2023-09-27 06:00:00,-2.91e-06,-0.000473,62217.877,52.44,26267.53,26179.29,26223.41,26311.65,26135.16,26355.77,26091.04,-0.33,-10.42,10.09,18.93,13.18,13.83,13.91,1778.71442857143,-271.1,-24.18999999999869,2.37,0.35,26227.78,26242.75,64.05000000000291,-112.43999999999869,-4.849999999998545,-19.81999999999971,-17.560000000000002,22.439999999999998,5.75,10.09,176.4900000000016,None,None,26427.3,0.0,0.0,0.0,0.0,0.0,0.0,0,0.0,25682.542
2023-09-27 07:00:00,26247.6,26254.8,26227.8,26234.4,547.51,14367286.4,2023-09-27 07:00:00,-2.91e-06,-0.000497,62380.537,50.84,26267.08,26181.82,26224.45,26309.71,26139.19,26352.35,26096.56,0.35,-8.27,8.62,18.42,12.83,14.12,13.71,1650.3490000000015,-128.36,-9.950000000000728,-2.56,0.16,26238.17,26239.41,75.30999999999767,-95.21000000000276,5.009999999998399,3.7699999999967986,-19.159999999999997,20.840000000000003,5.590000000000002,8.62,170.52000000000044,None,None,26427.3,0.0,0.0,0.0,0.0,0.0,0.0,0,0.0,25682.542
2023-09-27 08:00:00,26234.4,26251.3,26207.6,26246.6,1185.269,31087437.9019,2023-09-27 08:00:00,2.315e-05,-0.000518,62247.581,52.29,26270.32,26182.8,26226.56,26314.08,26139.05,26357.84,26095.29,1.87,-6.24,8.11,17.6,14.32,13.84,13.72,1612.6791428571446,-37.66,-20.039999999997235,2.56,-2.81,26242.53,26242.28,67.4800000000032,-107.54999999999927,-4.319999999999709,-4.069999999999709,-17.71,22.29,3.280000000000001,8.11,175.03000000000247,None,None,26427.3,0.0,0.0,0.0,0.0,0.0,0.0,0,0.0,25682.542
2023-09-27 09:00:00,26246.6,26389.0,26246.0,26383.6,5930.976,156118566.1224,2023-09-27 09:00:00,2.315e-05,-0.000475,62238.498,64.83,26299.59,26183.44,26241.52,26357.67,26125.37,26415.74,26067.29,13.96,-2.2,16.16,28.27,12.38,15.64,14.51,1858.0367142857158,245.35,-142.0799999999981,61.63,11.78,26257.87,26298.81,-25.93000000000029,-258.22999999999956,-84.78999999999724,-125.72999999999956,-5.170000000000002,34.83,15.889999999999999,16.16,232.29999999999927,EntryPreparationState,upper,26427.3,0.0,0.0,0.0,0.0,0.0,0.0,0,0.0,25682.542
2023-09-27 10:00:00,26383.6,26479.7,26328.5,26427.3,10190.823,269150049.0898,2023-09-27 10:00:00,2.315e-05,-0.00064,62336.981,67.75,26333.01,26185.41,26259.21,26406.81,26111.61,26480.61,26037.81,26.76,3.59,23.17,32.51,10.72,18.13,15.3,2280.7240000000015,422.68,-168.09000000000015,106.48,16.57,26277.64,26350.2,-20.489999999997963,-315.6899999999987,-77.09999999999854,-149.65999999999985,-2.25,37.75,21.79,23.17,295.2000000000007,PositionState,upper,26427.3,26182.9,0.0,-244.39999999999782,318.5,-244.39999999999782,106.60000000000073,0,80.11000000000058,25682.542
2023-09-28 08:00:00,26446.0,26455.5,26384.0,26393.2,1848.009,48802120.296,2023-09-28 08:00:00,-9.43e-06,-0.000622,59176.012,52.7,26479.75,26268.94,26374.34,26585.16,26163.53,26690.57,26058.12,34.85,29.15,5.7,28.3,17.57,20.35,20.35,2835.5135000000014,-383.8,-18.860000000000582,-142.04,-2.53,26418.86,26420.14,191.95999999999913,-229.6700000000019,26.93999999999869,25.659999999999854,-17.299999999999997,22.700000000000003,10.73,5.700000000000003,421.630000000001,None,None,27006.1,0.0,0.0,0.0,0.0,0.0,0.0,0,0.0,26576.271
2023-09-28 09:00:00,26393.2,26437.5,26373.4,26418.4,1568.083,41396174.1064,2023-09-28 09:00:00,-9.43e-06,-0.000434,59293.527,54.54,26467.74,26289.34,26378.54,26556.95,26200.13,26646.15,26110.93,34.04,30.13,3.91,27.09,17.53,20.43,20.14,2777.7798571428584,-57.73,-39.86000000000058,-114.24,-2.53,26417.32,26419.44,138.54999999999927,-218.27000000000044,1.0399999999972351,-1.0800000000017462,-15.46,24.54,9.559999999999999,3.91,356.8199999999997,None,None,27006.1,0.0,0.0,0.0,0.0,0.0,0.0,0,0.0,26576.271
2023-09-28 10:00:00,26418.4,26618.4,26400.1,26552.6,7563.64,200652170.6018,2023-09-28 10:00:00,-9.43e-06,-0.000618,59479.314,62.81,26488.17,26302.06,26395.12,26581.22,26209.01,26674.27,26115.96,43.72,32.85,10.87,34.62,15.16,21.76,20.54,3175.3788571428586,397.59,-157.47999999999956,-12.81,8.68,26430.54,26472.7,28.62000000000262,-343.59000000000015,-79.89999999999782,-122.05999999999767,-7.189999999999998,32.81,19.459999999999997,10.869999999999997,372.21000000000276,None,None,27006.1,0.0,0.0,0.0,0.0,0.0,0.0,0,0.0,26576.271
2023-09-28 11:00:00,26552.6,26574.4,26421.9,26461.8,4580.735,121345183.2828,2023-09-28 11:00:00,-9.43e-06,-0.000534,59009.863,55.45,26495.83,26307.1,26401.47,26590.2,26212.73,26684.57,26118.37,43.57,34.99,8.57,31.43,13.76,23.0,20.65,3391.7125000000015,216.33,-60.32999999999811,29.52,5.74,26440.64,26468.34,128.40000000000146,-249.0699999999997,6.540000000000873,-21.159999999999854,-14.549999999999997,25.450000000000003,17.67,8.579999999999998,377.47000000000116,None,None,27006.1,0.0,0.0,0.0,0.0,0.0,0.0,0,0.0,26576.271
2023-09-28 12:00:00,26461.8,26560.0,26451.0,26465.3,3857.335,102184668.7618,2023-09-28 12:00:00,-9.43e-06,-0.000489,59074.853,55.67,26498.62,26316.47,26407.55,26589.69,26225.4,26680.76,26134.33,43.23,36.64,6.58,29.35,12.85,24.15,20.64,3475.2522142857156,83.53,-57.75,-4.2,-4.35,26451.62,26467.12,124.38999999999942,-239.89999999999782,1.819999999999709,-13.680000000000291,-14.329999999999998,25.67,16.5,6.589999999999996,364.28999999999724,None,None,27006.1,0.0,0.0,0.0,0.0,0.0,0.0,0,0.0,26576.271
2023-09-28 13:00:00,26465.3,26578.9,26453.4,26566.5,4276.407,113384106.8414,2023-09-28 13:00:00,-9.43e-06,-0.000702,59812.605,61.47,26514.51,26330.85,26422.68,26606.34,26239.02,26698.18,26147.19,50.54,39.42,11.12,28.26,11.87,25.34,21.24,3577.797500000001,102.54,-143.8199999999997,2.52,-2.18,26466.95,26506.87,39.840000000000146,-327.47999999999956,-59.63000000000102,-99.54999999999927,-8.530000000000001,31.47,16.39,11.119999999999997,367.3199999999997,None,None,27006.1,0.0,0.0,0.0,0.0,0.0,0.0,0,0.0,26576.271
2023-09-28 14:00:00,26566.5,26900.0,26540.9,26777.3,23873.373,638158594.2586,2023-09-28 14:00:00,-9.43e-06,-0.000777,59649.013,70.22,26573.25,26339.66,26456.46,26690.05,26222.86,26806.85,26106.07,72.51,46.04,26.47,39.86,9.62,27.89,22.47,4687.019500000002,1109.22,-320.84000000000015,116.52,12.75,26504.98,26615.04,-87.25,-554.4399999999987,-162.2599999999984,-272.3199999999997,0.21999999999999886,40.22,30.240000000000002,26.470000000000006,467.1899999999987,EntryPreparationState,upper,27006.1,0.0,0.0,0.0,0.0,0.0,0.0,0,0.0,26576.271
2023-09-28 15:00:00,26777.3,27069.5,26768.2,27006.1,20540.235,552554228.2788,2023-09-28 15:00:00,-9.43e-06,-0.000502,60337.102,76.46,26675.64,26341.97,26508.8,26842.47,26175.14,27009.3,26008.3,107.15,58.26,48.88,42.26,8.21,30.72,24.09,5881.030285714288,1194.01,-497.2999999999993,283.85,15.4,26565.24,26771.46,-163.62999999999738,-830.9599999999991,-234.63999999999942,-440.85999999999694,6.459999999999994,46.459999999999994,34.05,48.89000000000001,667.3300000000017,PositionState,upper,27006.1,26878.5,0.0,-127.59999999999854,158.90000000000146,-127.59999999999854,3.3043478260882218,0,176.0,26576.271
