,Unnamed: 0.1,Unnamed: 0,start_at,open,high,low,close,volume,turnover,date,funding_rate,oi,rsi,upper1,lower1,middle,upper2,lower2,upper3,lower3,macd,macdsignal,macdhist,p_di,m_di,adx,adxr,volume_ma,volume_ma_diff,middle_diff,band_diff,di_diff,sma,ema,state,bb_direction,enter_price,exit_price,current_profit,bb_profit,profit_max,profit_min,profit_mean,profit_ma
135,135,267,1641927600000.0,42700.0,43163.0,42577.5,42939.5,2500.396,107092468.8475,2022-01-11 19:00:00,8.221e-05,17900.83099999,65.93,42491.64,41730.27,42110.96,42872.33,41349.59,43253.02,40968.9,212.87,108.68,104.19,26.16,11.53,17.72,16.58,3473.798285714286,72.37,87.22,328.99,0.58,42171.77,42735.97,PositionState,upper,42939.5,43197.5,0.0,258.0,1182.5,-411.5,375.44444444444446,848.7200000000012
227,227,359,1642258800000.0,43154.0,43394.5,43067.0,43363.5,2198.575,95042563.603,2022-01-15 15:00:00,6.753e-05,18422.304,60.28,43155.13,42875.47,43015.3,43294.96,42735.64,43434.79,42595.8,50.59,34.53,16.05,27.79,19.4,18.79,22.64,1580.001285714286,92.46,36.65,100.59,7.5,43038.88,43191.97,PositionState,upper,43363.5,43083.0,0.0,-280.5,111.5,-280.5,-42.05555555555556,3.360000000000582
346,346,478,1642687200000.0,42360.0,43030.0,42359.5,42940.0,8692.827,371023311.1895,2022-01-20 14:00:00,0.0001,20994.677,70.58,42367.6,41823.66,42095.63,42639.57,41551.69,42911.53,41279.73,132.49,48.89,83.6,37.56,14.01,14.4,13.7,2046.3523571428573,522.48,88.87,514.62,18.68,42181.33,42576.18,PositionState,upper,42940.0,41322.5,0.0,-1617.5,313.5,-1617.5,-161.0,-500.8199999999997
468,468,600,1643126400000.0,36515.0,37042.0,36470.0,36793.5,4127.951,151778020.107,2022-01-25 16:00:00,0.0001,16537.109,61.26,36454.04,35921.71,36187.87,36720.2,35655.54,36986.37,35389.38,295.12,286.84,8.28,29.81,14.16,26.14,25.87,3633.853000000001,187.29,63.75,-154.7,-0.19,36420.33,36614.2,PositionState,upper,36793.5,37549.5,0.0,756.0,1458.5,-248.0,633.1607142857143,1168.6500000000017
544,544,676,1643400000000.0,37195.0,37824.0,37116.0,37723.5,4038.797,151367323.459,2022-01-28 20:00:00,-8.549e-05,16928.894,63.42,37251.69,36587.45,36919.57,37583.81,36255.33,37915.93,35923.2,149.79,69.63,80.15,27.14,13.52,13.45,13.9,3523.4788571428576,19.54,84.62,246.59,8.85,36991.11,37403.78,PositionState,upper,37723.5,37595.5,0.0,-128.0,371.5,-208.5,-2.263157894736842,361.2799999999989
569,569,701,1643490000000.0,38305.0,38769.0,38242.5,38322.0,3409.153,131216360.955,2022-01-29 21:00:00,4.215e-05,18726.326,66.26,37978.31,37537.71,37758.01,38198.61,37317.41,38418.9,37097.12,198.74,172.34,26.39,33.67,11.19,25.81,25.3,2526.763857142857,127.31,59.37,301.18,10.04,37844.33,38176.17,PositionState,upper,38322.0,37806.5,0.0,-515.5,0.0,-515.5,-223.375,-198.8399999999965
612,612,744,1643644800000.0,37660.0,38351.5,37637.5,38278.5,5857.358,222634736.305,2022-01-31 16:00:00,-6.998e-05,18974.491,67.94,37808.83,37027.03,37417.93,38199.73,36636.13,38590.64,36245.23,6.07,-121.45,127.53,32.06,17.74,21.55,21.77,2593.039571428572,190.05,90.58,294.41,16.53,37388.05,37885.18,PositionState,upper,38278.5,38356.0,0.0,77.5,817.0,-54.0,191.16071428571428,632.25
698,698,830,1643954400000.0,37518.5,37990.0,37518.0,37939.5,5254.717,198756633.016,2022-02-04 06:00:00,-0.00016891,20198.802,67.32,37530.27,36763.61,37146.94,37913.6,36380.28,38296.94,35996.95,115.66,-22.15,137.82,35.54,14.88,27.34,32.92,2236.3740000000003,122.89,83.42,308.91,11.75,37312.38,37662.88,PositionState,upper,37939.5,37421.5,0.0,-518.0,55.0,-518.0,-98.9375,-3.930000000000291
708,708,840,1643990400000.0,39479.5,40672.0,39451.5,40235.5,12192.224,488881514.423,2022-02-04 16:00:00,-0.00041531,19857.596,78.77,38739.71,37158.82,37949.27,39530.16,36368.37,40320.61,35577.92,499.73,267.49,232.24,47.59,9.69,38.12,32.44,5447.412214285715,737.2,240.65,1166.59,23.91,38290.66,39436.93,PositionState,upper,40235.5,41283.0,0.0,1047.5,1494.5,0.0,1115.542553191489,2009.6500000000012
766,766,898,1644199200000.0,42071.0,42600.0,42063.0,42301.5,3080.362,130539233.68,2022-02-07 02:00:00,-7.551e-05,19389.59,62.67,41990.36,41470.7,41730.53,42250.19,41210.88,42510.02,40951.05,190.58,141.79,48.78,33.38,5.57,41.39,34.43,2824.307714285715,154.28,60.09,242.86,1.37,41825.27,42137.5,PositionState,upper,42301.5,43830.0,0.0,1528.5,2560.0,0.0,1254.015625,1965.0
852,852,984,1644508800000.0,44913.5,45600.0,44827.0,45379.0,7299.795,329821929.227,2022-02-10 16:00:00,-0.00010229,19702.918,63.94,44816.0,43911.19,44363.59,45268.4,43458.79,45720.8,43006.39,225.25,138.99,86.25,29.84,19.51,17.56,16.6,5482.483714285715,358.49,106.87,369.58,12.14,44563.5,44982.8,PositionState,upper,45379.0,44336.0,0.0,-1043.0,0.0,-1043.0,-332.0,-235.7000000000044
958,958,1090,1644890400000.0,43419.5,43649.0,43356.0,43508.5,3081.441,134002857.6445,2022-02-15 02:00:00,0.0001,18500.687,71.08,42936.52,42170.28,42553.4,43319.64,41787.16,43702.76,41404.03,212.33,94.26,118.06,35.74,17.06,20.08,22.08,3002.994285714286,-131.37,100.54,566.84,13.47,42606.38,43241.13,PositionState,upper,43508.5,43880.5,0.0,372.0,1016.0,-68.5,475.22222222222223,717.8300000000017
1156,1156,1288,1645603200000.0,38133.0,38780.0,38070.0,38644.5,7489.904,288448932.9155,2022-02-23 08:00:00,-0.000165,20557.68999999,64.41,38163.78,37689.05,37926.41,38401.14,37451.68,38638.51,37214.32,140.14,77.61,62.53,30.15,12.81,20.65,19.04,2974.1152857142865,256.48,75.58,221.75,8.73,38022.44,38339.97,PositionState,upper,38644.5,38069.0,0.0,-575.5,339.0,-575.5,39.2,9.459999999999129
1192,1192,1324,1645732800000.0,37275.0,40000.0,37267.0,38398.0,22861.509,882062884.7539998,2022-02-24 20:00:00,-0.00027387,19782.934,69.32,37232.16,35453.9,36343.03,38121.29,34564.76,39010.43,33675.63,-11.72,-383.06,371.33,42.14,12.45,32.08,35.97,8230.472785714286,1275.04,216.3,901.87,24.84,36242.5,37546.71,PositionState,upper,38398.0,39000.5,0.0,602.5,1345.5,-550.0,481.1029411764706,1657.5
1283,1283,1415,1646060400000.0,39795.0,40927.0,39563.0,40798.5,15893.516,641580138.982,2022-02-28 15:00:00,-0.00021537,20325.765,73.38,39340.18,37796.22,38568.2,40112.16,37024.24,40884.14,36252.26,220.95,-62.61,283.57,39.15,12.77,17.63,20.07,5085.063714285715,707.58,234.76,1555.69,23.04,38687.38,39881.85,PositionState,upper,40798.5,43814.0,0.0,3015.5,3814.5,0.0,2533.1071428571427,4038.220000000001
1330,1330,1462,1646229600000.0,43507.0,44850.0,43473.5,44803.0,10540.835,466655819.9625,2022-03-02 14:00:00,-0.00010436,19141.775,63.92,44227.31,43682.44,43954.87,44499.74,43410.0,44772.18,43137.57,264.94,332.79,-67.84,26.66,15.5,33.78,38.23,3509.3943571428576,433.85,89.27,198.45,8.25,44007.94,44281.09,PositionState,upper,44803.0,43741.0,0.0,-1062.0,0.0,-1062.0,-585.25,-307.07999999999447
1487,1487,1619,1646794800000.0,39360.0,41446.5,39328.5,41194.5,20793.06,840743225.171,2022-03-09 03:00:00,0.0001,20235.857,77.41,39568.04,38415.05,38991.54,40144.54,37838.55,40721.04,37262.05,314.69,131.36,183.33,44.64,8.9,19.88,18.14,5819.983714285715,1108.7,231.88,1378.13,23.11,39077.88,40180.44,PositionState,upper,41194.5,40923.5,0.0,-271.0,1325.0,-271.0,705.1304347826087,1221.5999999999983
1627,1627,1759,1647298800000.0,39318.5,39770.5,39318.0,39645.5,3880.073,153632788.994,2022-03-14 23:00:00,0.0001,19038.845,68.16,39172.01,38624.98,38898.5,39445.53,38351.47,39719.05,38077.95,118.36,53.8,64.55,35.43,17.16,16.53,19.13,3467.1607142857147,-14.24,78.62,20.59,15.59,38934.11,39334.27,PositionState,upper,39645.5,38834.0,0.0,-811.5,0.0,-811.5,-303.6666666666667,-197.20999999999916
1716,1716,1848,1647619200000.0,40897.0,41447.0,40873.5,41379.5,8305.226,341926663.119,2022-03-18 16:00:00,-0.00015262,21269.995,67.74,40941.68,40431.55,40686.62,41196.75,40176.49,41451.82,39921.42,38.77,-26.3,65.08,29.11,18.21,15.85,16.58,3414.7912857142865,501.69,72.94,290.93,12.25,40627.61,41044.84,PositionState,upper,41379.5,41810.0,0.0,430.5,801.0,0.0,434.5857142857143,861.2200000000012
1799,1799,1931,1647918000000.0,41822.0,42573.0,41822.0,42215.0,8161.426,344429735.6455,2022-03-22 03:00:00,9.647e-05,22071.468,69.38,41586.24,40973.66,41279.95,41892.53,40667.37,42198.83,40361.08,93.38,-24.13,117.51,35.73,15.6,26.04,25.95,3637.492714285715,143.78,98.41,606.22,25.88,41320.22,41840.08,PositionState,upper,42215.0,42268.0,0.0,53.0,769.5,-4.5,381.6764705882353,578.3199999999997
1843,1843,1975,1648076400000.0,42457.5,42987.0,42366.0,42851.5,4125.429,176172632.8795,2022-03-23 23:00:00,9.503e-05,20728.36899999,62.38,42556.34,42111.86,42334.1,42778.58,41889.62,43000.82,41667.37,73.47,28.67,44.79,27.86,15.55,12.87,15.78,2980.080071428572,148.37,54.47,213.15,11.06,42391.61,42616.07,PositionState,upper,42851.5,44150.5,0.0,1299.0,2074.0,-161.0,831.2619047619048,1734.1100000000006
1916,1916,2048,1648339200000.0,44470.0,44700.0,44449.0,44675.0,1618.194,72144344.1825,2022-03-27 00:00:00,0.0001,24516.815,62.24,44497.4,44279.59,44388.5,44606.3,44170.69,44715.2,44061.79,60.69,44.93,15.76,26.54,14.84,14.07,14.57,1636.4708571428578,54.04,30.16,107.13,5.04,44413.72,44546.67,PositionState,upper,44675.0,44515.5,0.0,-159.5,36.0,-159.5,-49.81818181818182,-0.6100000000005821
1932,1932,2064,1648396800000.0,44819.5,44999.5,44706.0,44910.0,4799.946,215235452.787,2022-03-27 16:00:00,-0.00011119,26263.847,65.32,44728.24,44455.96,44592.1,44864.38,44319.82,45000.51,44183.69,85.53,67.98,17.54,26.55,11.95,20.05,19.14,1676.0597142857148,78.82,33.45,109.94,6.22,44611.83,44800.08,PositionState,upper,44910.0,47122.5,0.0,2212.5,3038.0,-118.0,1978.515625,2574.159999999996
2270,2270,2402,1649613600000.0,43077.0,43239.0,43049.5,43075.5,1603.273,69174100.8865,2022-04-10 18:00:00,-1.954e-05,23924.374,65.57,42861.09,42568.01,42714.55,43007.63,42421.47,43154.17,42274.93,72.6,21.2,51.4,33.13,10.13,22.18,21.79,1875.499571428572,69.38,38.0,198.69,13.25,42736.55,42986.22,PositionState,upper,43075.5,42700.0,0.0,-375.5,125.0,-375.5,-64.75,-96.13000000000466
2462,2462,2594,1650304800000.0,40190.0,41255.0,40189.5,40633.0,13275.845,540610652.9225,2022-04-18 18:00:00,-0.00017139,23725.963,70.1,40062.57,39087.52,39575.04,40550.1,38599.99,41037.63,38112.46,-14.35,-195.78,181.42,43.02,16.13,31.67,30.92,5280.1257857142855,-146.49,111.36,349.05,23.59,39485.72,40200.88,PositionState,upper,40633.0,41245.5,0.0,612.5,1448.5,-45.5,521.5760869565217,1248.9200000000055
2526,2526,2658,1650535200000.0,41787.5,42500.0,41760.5,42223.0,11327.005,478271715.503,2022-04-21 10:00:00,0.0001,25027.829,66.5,41897.33,41357.1,41627.22,42167.45,41086.99,42437.56,40816.87,150.5,98.18,52.32,34.37,13.08,19.75,24.05,2709.459714285715,673.16,62.7,255.93,10.05,41722.27,42003.48,PositionState,upper,42223.0,41814.5,0.0,-408.5,415.0,-408.5,110.35714285714286,64.15999999999622
2631,2631,2763,1650913200000.0,39860.5,40358.0,39761.5,40211.0,8890.852,356629182.752,2022-04-25 19:00:00,7.912e-05,23784.36,68.71,39678.49,38764.43,39221.46,40135.52,38307.41,40592.55,37850.38,82.19,-96.99,179.19,26.22,13.59,29.65,29.96,7498.408785714286,481.51,104.15,456.84,8.28,39247.55,39891.38,PositionState,upper,40211.0,39796.5,0.0,-414.5,359.0,-414.5,175.42105263157896,184.59000000000376
2701,2701,2833,1651165200000.0,39884.5,40277.0,39850.0,40249.5,7274.75,291332326.0745,2022-04-28 17:00:00,-0.0001296,24982.531,66.59,39754.46,39192.58,39473.52,40035.39,38911.64,40316.33,38630.7,183.68,137.13,46.54,25.42,14.11,22.51,20.82,6786.610214285714,376.08,81.68,335.66,-2.18,39620.16,39938.1,PositionState,upper,40249.5,39509.5,0.0,-740.0,0.0,-740.0,-383.15,-277.29999999999563
3047,3047,3179,1652410800000.0,30108.0,30813.0,29982.0,30547.0,10358.813,315831800.333,2022-05-13 03:00:00,-0.00049125,23572.372,62.6,29843.31,28486.03,29164.67,30521.95,27807.39,31200.59,27128.74,172.54,-84.55,257.09,27.19,14.83,17.35,22.66,8557.116857142857,-302.24,145.5,413.66,7.27,29235.83,30134.64,PositionState,upper,30547.0,29916.0,0.0,-631.0,184.0,-631.0,-102.10714285714286,73.83000000000175
3090,3090,3222,1652565600000.0,29679.0,30321.0,29554.0,30221.5,6021.862,180196719.4985,2022-05-14 22:00:00,3.175e-05,23571.486,62.7,29794.31,29164.7,29479.5,30109.11,28849.9,30423.91,28535.09,5.41,-101.35,106.77,25.09,15.88,21.36,21.69,5197.0515000000005,268.56,78.09,292.71,8.86,29415.44,29872.58,PositionState,upper,30221.5,29598.5,0.0,-623.0,0.0,-623.0,-319.07142857142856,-172.39000000000306
3113,3113,3245,1652648400000.0,31049.5,31222.0,30833.5,31061.5,4094.719,126995972.948,2022-05-15 21:00:00,5.566e-05,24484.43,69.19,30584.01,29783.59,30183.8,30984.22,29383.38,31384.44,28983.16,277.72,177.13,100.58,28.99,11.14,19.99,17.99,5018.123999999999,77.37,92.38,572.2,7.54,30349.5,30869.88,PositionState,upper,31061.5,30313.0,0.0,-748.5,254.0,-748.5,-188.2142857142857,-356.1000000000022
3222,3222,3354,1653040800000.0,30297.0,30445.0,30246.5,30415.0,3328.112,100946688.9575,2022-05-20 10:00:00,0.0001,29229.61,59.91,30232.17,29983.85,30108.01,30356.33,29859.68,30480.5,29735.52,170.0,183.87,-13.87,24.43,14.23,29.6,29.45,3858.535571428572,89.1,32.31,-180.9,-0.64,30208.94,30323.45,PositionState,upper,30415.0,29487.5,0.0,-927.5,0.0,-927.5,-232.9,-414.2099999999991
3269,3269,3401,1653210000000.0,29533.0,30207.0,29508.0,30125.5,13107.62,391449846.357,2022-05-22 09:00:00,-1.093e-05,27249.546,74.56,29639.52,29303.31,29471.42,29807.63,29135.21,29975.73,28967.11,57.72,2.02,55.69,41.69,13.19,13.93,14.69,2421.519857142857,828.42,68.84,391.91,25.93,29477.77,29793.52,PositionState,upper,30125.5,30245.5,0.0,120.0,351.5,-292.5,52.328125,493.1899999999987
3334,3334,3466,1653444000000.0,29764.5,30191.5,29710.0,30099.0,10296.053,308559954.706,2022-05-25 02:00:00,9.211e-05,28232.593,67.78,29773.06,29268.04,29520.55,30025.58,29015.52,30278.09,28763.01,72.63,-25.29,97.92,31.57,14.5,25.77,32.87,6688.611357142857,473.55,60.88,308.08,11.05,29581.22,29888.04,PositionState,upper,30099.0,29403.5,0.0,-695.5,76.5,-695.5,-253.05,-305.9799999999996
3439,3439,3571,1653822000000.0,29131.0,29229.0,29084.0,29201.5,4650.689,135681252.5805,2022-05-29 11:00:00,6.084e-05,29695.458,62.68,29077.14,28929.81,29003.47,29150.81,28856.14,29224.47,28782.47,50.38,32.77,17.61,30.2,11.86,22.16,19.02,2080.4333571428574,269.33,20.84,105.09,4.08,29035.22,29134.46,PositionState,upper,29201.5,29119.5,0.0,-82.0,161.5,-82.0,39.333333333333336,24.290000000000877
3454,3454,3586,1653876000000.0,29753.5,30291.0,29740.0,30193.0,14588.772,438816912.9645,2022-05-30 02:00:00,0.0001,31073.439,77.94,29612.78,29079.52,29346.15,29879.4,28812.89,30146.03,28546.26,181.19,106.42,74.77,50.11,10.48,34.92,31.0,3793.675785714285,287.53,89.14,497.58,19.6,29421.33,29870.11,PositionState,upper,30193.0,31387.5,0.0,1194.5,1603.5,0.0,889.5416666666666,1645.0400000000009
3491,3491,3623,1654009200000.0,31680.0,32175.0,31540.0,32032.5,10360.46,330314307.958,2022-05-31 15:00:00,3.659e-05,29370.797,68.63,31639.09,31325.61,31482.35,31795.83,31168.88,31952.57,31012.14,284.47,324.06,-39.58,31.02,13.81,56.9,63.44,4602.762928571428,580.77,57.9,-484.69,4.98,31646.27,31815.03,PositionState,upper,32032.5,31624.0,0.0,-408.5,106.0,-414.5,-190.03846153846155,-84.36999999999898
3621,3621,3753,1654477200000.0,30288.5,30920.0,30288.5,30824.5,16317.309,499293506.5875,2022-06-06 01:00:00,5.579e-05,29075.628,76.87,30258.96,29709.52,29984.24,30533.68,29434.8,30808.4,29160.08,152.29,74.65,77.63,40.46,8.39,24.34,17.54,4775.318785714286,1013.67,88.44,513.29,21.24,30100.22,30469.15,PositionState,upper,30824.5,30200.0,0.0,-624.5,711.5,-624.5,457.4583333333333,328.0499999999993
3664,3664,3796,1654632000000.0,31049.5,31598.0,31045.0,31345.0,18358.295,575602870.118,2022-06-07 20:00:00,9.565e-05,29667.387,73.97,30698.66,29685.18,30191.92,31205.4,29178.44,31712.14,28671.69,33.32,-178.01,211.33,41.91,15.15,36.78,42.48,8012.414714285714,1153.93,121.37,506.18,18.61,30133.16,30942.17,PositionState,upper,31345.0,30014.5,0.0,-1330.5,55.0,-1330.5,-310.9375,-415.5
3986,3986,4118,1655791200000.0,20879.5,21242.5,20879.5,21188.5,15034.921,316941357.35,2022-06-21 06:00:00,4.988e-05,34930.05399999,65.6,20839.16,20253.58,20546.37,21131.94,19960.8,21424.73,19668.01,198.06,162.42,35.64,28.02,12.43,24.37,25.57,10290.993714285714,-222.27,67.59,177.54,6.24,20681.72,20965.23,PositionState,upper,21188.5,20885.0,0.0,-303.5,417.0,-303.5,48.10714285714285,79.68999999999869
4051,4051,4183,1656025200000.0,20979.5,21197.5,20962.0,21095.0,6683.579,140911714.061,2022-06-23 23:00:00,-5.576e-05,34103.493,63.33,20837.42,20384.84,20611.13,21063.71,20158.55,21290.01,19932.26,125.63,63.57,62.06,31.53,13.18,18.85,17.5,9965.918142857145,-308.43,50.93,159.7,4.64,20643.44,20967.17,PositionState,upper,21095.0,20820.5,0.0,-274.5,73.0,-274.5,-103.63636363636364,-71.17999999999665
4083,4083,4215,1656140400000.0,21289.0,21630.0,21289.0,21494.5,15267.336,327724654.451,2022-06-25 07:00:00,0.0001,35994.32499999,62.97,21324.65,21065.36,21195.01,21454.29,20935.72,21583.93,20806.08,113.07,109.55,3.52,28.8,11.59,27.13,25.65,6740.153571428571,235.38,31.52,80.25,8.53,21268.83,21376.19,PositionState,upper,21494.5,21144.0,0.0,-350.5,0.0,-350.5,-126.5,-118.32999999999812
4221,4221,4353,1656637200000.0,20280.5,20481.5,20245.0,20400.0,11484.869,233762694.0265,2022-07-01 01:00:00,-0.00021249,33933.803,69.65,19911.05,19021.26,19466.16,20355.95,18576.36,20800.85,18131.46,-5.67,-191.23,185.55,39.67,16.22,46.61,44.97,17025.228142857144,114.81,98.29,341.63,10.21,19336.38,20118.36,PositionState,upper,20400.0,19398.5,0.0,-1001.5,0.0,-1001.5,-448.5,-438.7600000000021
4304,4304,4436,1656936000000.0,19791.5,19886.0,19627.0,19701.0,16023.638,316303360.304,2022-07-04 12:00:00,0.0001,39330.94,68.73,19502.43,19112.64,19307.53,19697.32,18917.75,19892.21,18722.86,88.65,26.36,62.29,37.26,10.54,20.7,19.6,7086.565642857143,825.34,41.4,232.44,6.03,19321.5,19634.6,PositionState,upper,19701.0,19890.5,0.0,189.5,680.0,-181.5,309.4047619047619,443.5500000000029
4363,4363,4495,1657148400000.0,20503.5,20666.0,20478.5,20556.5,7960.005,163885768.534,2022-07-06 23:00:00,0.0001,38322.928,65.69,20403.3,20125.37,20264.34,20542.26,19986.41,20681.23,19847.45,119.82,93.95,25.86,25.89,11.2,23.91,22.32,8445.5985,141.68,30.75,52.66,4.9,20352.5,20491.17,PositionState,upper,20556.5,20298.0,0.0,-258.5,0.0,-258.5,-104.07142857142856,-123.70999999999913
4378,4378,4510,1657202400000.0,20529.5,20955.0,20492.0,20902.0,29369.448,609469254.472,2022-07-07 14:00:00,0.0001,43556.422,70.02,20586.44,20334.98,20460.71,20712.18,20209.24,20837.91,20083.51,107.73,90.1,17.63,32.78,11.49,24.64,25.19,7257.192142857143,1725.96,46.45,184.84,14.27,20518.72,20698.37,PositionState,upper,20902.0,21429.5,0.0,527.5,1236.0,-27.0,684.8421052631579,932.2299999999996
4550,4550,4682,1657821600000.0,20721.5,20790.0,20618.5,20687.0,8604.701,177980232.902,2022-07-14 18:00:00,0.0001,43201.399,67.55,20370.5,19792.66,20081.58,20659.42,19503.74,20948.34,19214.83,156.74,80.21,76.52,30.77,12.85,20.66,21.23,12879.931428571426,32.72,63.73,286.68,2.93,20101.72,20563.63,PositionState,upper,20687.0,20680.5,0.0,-6.5,471.0,-302.0,56.096774193548384,213.80999999999767
4596,4596,4728,1657987200000.0,20930.0,21480.0,20915.0,21447.5,34774.155,737932595.7094998,2022-07-16 16:00:00,9.035e-05,44074.94,74.78,20995.21,20595.04,20795.12,21195.29,20394.95,21395.38,20194.87,79.63,23.21,56.42,39.33,10.05,22.59,26.12,6532.207,2183.7,68.66,255.31,20.43,20792.05,21148.8,PositionState,upper,21447.5,21114.0,0.0,-333.5,114.0,-333.5,-144.1818181818182,106.15000000000146
4634,4634,4766,1658124000000.0,21849.0,22373.0,21763.5,22186.5,25275.562,558103214.5795,2022-07-18 06:00:00,0.0001,42959.822,74.89,21612.42,20949.51,21280.96,21943.87,20618.06,22275.33,20286.6,132.2,23.38,108.82,43.03,12.19,25.61,25.23,8596.74142857143,1290.64,95.31,518.72,22.89,21278.16,21866.07,PositionState,upper,22186.5,21869.5,0.0,-317.0,489.0,-317.0,33.666666666666664,225.95999999999916
4667,4667,4799,1658242800000.0,22620.0,23200.0,22431.0,23113.5,53289.976,1217403088.839,2022-07-19 15:00:00,0.0001,42593.07699999,72.63,22503.31,21784.37,22143.84,22862.78,21424.89,23222.26,21065.42,194.5,103.67,90.82,35.78,10.49,27.72,27.83,12942.933357142858,2999.96,102.06,465.06,8.99,22197.22,22759.4,PositionState,upper,23113.5,23510.0,0.0,396.5,1061.5,-77.5,400.2407407407408,931.4300000000004
4735,4735,4867,1658487600000.0,23428.0,23629.5,23384.5,23600.0,6344.73,149193081.325,2022-07-22 11:00:00,9.924e-05,43372.0,63.3,23366.06,22991.18,23178.62,23553.5,22803.75,23740.93,22616.31,100.88,38.58,62.29,25.32,12.91,16.92,18.05,6280.275214285714,167.92,44.34,0.17,1.26,23224.05,23486.94,PositionState,upper,23600.0,23101.5,0.0,-498.5,46.5,-498.5,-156.91666666666666,-223.36999999999895
4863,4863,4995,1658948400000.0,22547.0,23105.0,22547.0,22762.5,29611.552,675569574.9245,2022-07-27 19:00:00,-1.336e-05,42087.441,86.12,21999.05,21139.29,21569.17,22428.92,20709.42,22858.8,20279.54,254.1,102.94,151.16,48.91,7.49,27.36,28.17,12407.07107142857,1804.82,125.6,926.13,26.08,21709.72,22405.88,PositionState,upper,22762.5,23719.5,0.0,957.0,1297.5,-94.0,676.2926829268292,1451.5499999999993
4928,4928,5060,1659182400000.0,23942.0,24375.0,23909.0,24363.0,15690.898,379344414.6215,2022-07-30 12:00:00,0.0001,42622.11299999,67.85,24021.49,23763.82,23892.66,24150.33,23634.99,24279.16,23506.16,75.33,51.52,23.81,29.05,12.47,24.86,29.02,4522.907142857142,897.7,49.5,257.75,12.19,23896.66,24127.44,PositionState,upper,24363.0,23914.0,0.0,-449.0,214.0,-449.0,33.5625,78.86000000000058
5021,5021,5153,1659517200000.0,23281.5,23399.0,23277.0,23365.5,7547.905,176094840.6155,2022-08-03 09:00:00,-3.168e-05,40588.348,63.19,23181.0,22831.02,23006.01,23356.0,22656.02,23530.99,22481.03,30.69,-21.03,51.72,29.67,16.46,18.21,22.07,4326.003857142858,-90.51,37.84,107.47,10.54,22972.38,23241.65,PositionState,upper,23365.5,22928.5,0.0,-437.0,105.0,-437.0,-33.892857142857146,-118.44000000000231
5139,5139,5271,1659942000000.0,23709.0,23850.0,23663.0,23792.0,8410.504,199923780.9515,2022-08-08 07:00:00,6.174e-05,43877.684,77.25,23495.5,23121.1,23308.3,23682.7,22933.9,23869.9,22746.7,130.29,73.58,56.7,42.81,12.11,24.52,23.16,4532.816928571429,133.39,50.91,279.13,12.18,23382.11,23661.66,PositionState,upper,23792.0,23805.5,0.0,13.5,362.0,0.0,206.40625,198.2299999999996
5193,5193,5325,1660136400000.0,23969.0,24170.0,23844.0,24000.0,22346.067,536905392.851,2022-08-10 13:00:00,0.0001,44126.254,75.49,23554.36,22925.72,23240.04,23868.68,22611.41,24183.0,22297.09,54.29,-79.01,133.3,41.0,16.14,39.92,39.3,9357.518928571428,1436.6,79.99,639.01,22.75,23228.11,23761.4,PositionState,upper,24000.0,24146.5,0.0,146.5,846.0,-402.5,229.51666666666668,498.7199999999975
5282,5282,5414,1660456800000.0,24568.0,24666.5,24568.0,24650.5,2752.702,67749303.997,2022-08-14 06:00:00,0.0001,44239.638,61.69,24575.08,24431.66,24503.37,24646.79,24359.95,24718.5,24288.24,57.55,52.01,5.54,19.1,13.29,15.55,20.24,2802.1855,12.19,15.48,48.69,2.89,24526.5,24604.34,PositionState,upper,24650.5,24548.0,0.0,-102.5,209.0,-102.5,22.416666666666668,-2.130000000001018
5302,5302,5434,1660528800000.0,24626.5,24910.0,24626.0,24900.5,13303.96,329519792.988,2022-08-15 02:00:00,0.0001,43409.088,68.07,24665.1,24265.78,24465.44,24864.76,24066.13,25064.42,23866.47,13.74,-25.6,39.34,33.37,16.6,19.43,19.81,5652.050857142857,601.63,45.78,106.79,17.8,24402.94,24691.64,PositionState,upper,24900.5,24121.0,0.0,-779.5,0.0,-779.5,-197.3,-229.09999999999852
5532,5532,5664,1661356800000.0,21602.5,21880.0,21602.5,21705.0,19165.897,416675915.564,2022-08-24 16:00:00,-8.491e-05,50269.575,65.8,21552.69,21306.46,21429.57,21675.8,21183.35,21798.91,21060.23,51.5,18.73,32.77,31.32,11.79,18.38,18.61,6441.495142857143,844.4,28.98,119.89,11.04,21444.44,21613.02,PositionState,upper,21705.0,21477.5,0.0,-227.5,0.0,-227.5,-74.5,-61.92000000000189
5747,5747,5879,1662130800000.0,20348.0,20382.0,20272.0,20346.5,4895.305,99475004.443,2022-09-02 15:00:00,0.0001,54844.375,66.03,20232.71,20045.38,20139.04,20326.37,19951.71,20420.03,19858.05,73.88,45.09,28.78,25.55,13.31,15.59,14.66,7870.845285714285,137.29,21.83,-2.97,-1.86,20186.16,20313.67,PositionState,upper,20346.5,20120.0,0.0,-226.5,0.0,-226.5,-113.25,-96.83999999999652
5896,5896,6028,1662667200000.0,19339.0,19440.0,19320.0,19364.5,10224.733,198109212.7015,2022-09-08 20:00:00,7.268e-05,56505.974,58.84,19292.16,19162.43,19227.3,19357.02,19097.57,19421.89,19032.71,40.21,35.85,4.35,21.31,20.28,18.57,22.13,9219.336857142856,438.68,14.45,40.18,8.7,19240.38,19316.18,PositionState,upper,19364.5,21165.5,0.0,1801.0,2164.5,-74.0,1445.9642857142858,1918.8499999999983
5943,5943,6075,1662836400000.0,21433.5,21625.0,21425.0,21566.5,9147.197,196924950.5835,2022-09-10 19:00:00,0.0001,52571.035,65.79,21392.52,21176.91,21284.71,21500.32,21069.11,21608.12,20961.3,138.72,163.51,-24.78,30.68,11.43,46.82,57.33,5057.119142857143,-106.63,29.65,81.0,5.43,21318.33,21465.23,PositionState,upper,21566.5,21436.5,0.0,-130.0,179.5,-152.5,-10.125,32.35000000000218
5971,5971,6103,1662937200000.0,21620.5,21841.0,21567.5,21810.0,7089.799,153902769.0915,2022-09-11 23:00:00,-5.103e-05,52803.693,62.09,21660.76,21511.36,21586.06,21735.45,21436.67,21810.15,21361.97,62.0,62.86,-0.85,25.27,14.09,20.58,24.71,5335.3619285714285,325.97,23.56,77.5,4.84,21622.61,21698.92,PositionState,upper,21810.0,22229.0,0.0,419.0,599.0,-183.0,348.75,560.25
6006,6006,6138,1663063200000.0,22376.5,22582.0,22345.0,22520.5,8581.483,192890774.1625,2022-09-13 10:00:00,4.252e-05,51075.939,63.83,22370.47,22184.28,22277.37,22463.56,22091.18,22556.66,21998.09,91.73,99.53,-7.8,29.82,13.12,27.75,33.31,6182.150285714286,226.4,25.59,69.03,6.97,22312.94,22419.16,PositionState,upper,22520.5,21391.5,0.0,-1129.0,2.0,-1129.0,-375.6666666666667,-488.0
6108,6108,6240,1663430400000.0,19947.5,20176.5,19922.0,20116.5,13192.25,264946813.195,2022-09-17 16:00:00,1.48e-05,49827.03,67.34,19957.61,19783.88,19870.75,20044.48,19697.01,20131.35,19610.14,50.84,29.56,21.28,31.35,17.58,15.91,22.65,3659.041071428572,601.39,25.86,41.43,10.46,19900.77,20017.35,PositionState,upper,20116.5,19826.0,0.0,-290.5,0.0,-290.5,-86.58333333333333,-85.41999999999825
6333,6333,6465,1664240400000.0,19333.5,19874.0,19326.5,19754.5,31005.298,609073228.5035,2022-09-27 01:00:00,-2.284e-05,51727.857,74.14,19358.25,18960.5,19159.37,19557.12,18761.62,19755.99,18562.75,114.52,64.55,49.96,39.95,12.18,16.08,17.01,10752.486785714284,1102.67,62.63,205.12,21.04,19229.16,19501.99,PositionState,upper,19754.5,19879.0,0.0,124.5,506.5,0.0,361.9666666666666,538.2699999999968
6493,6493,6625,1664816400000.0,19400.0,19586.5,19399.5,19537.5,14808.339,288972393.717,2022-10-03 17:00:00,0.0001,54664.496,66.53,19384.49,19153.89,19269.19,19499.79,19038.59,19615.1,18923.29,51.36,14.42,36.93,26.87,12.72,15.28,18.26,8185.068571428571,927.22,28.23,143.11,7.44,19302.88,19447.52,PositionState,upper,19537.5,20077.0,0.0,539.5,789.0,-46.0,393.5,673.0099999999984
6808,6808,6940,1665950400000.0,19366.5,19411.0,19247.0,19324.5,9967.229,192627550.683,2022-10-16 20:00:00,1.462e-05,63175.47,67.98,19234.38,19100.76,19167.57,19301.18,19033.96,19367.99,18967.15,25.53,0.77,24.75,36.91,13.04,29.74,33.01,3154.8335714285718,621.64,16.52,146.5,23.51,19176.16,19285.91,PositionState,upper,19324.5,19138.5,0.0,-186.0,0.0,-186.0,-93.0,-73.70999999999913
6824,6824,6956,1666008000000.0,19448.0,19576.0,19407.0,19506.0,10548.726,205728574.736,2022-10-17 12:00:00,0.0001,68681.777,69.24,19383.97,19181.3,19282.63,19485.31,19079.96,19586.64,18978.62,65.53,39.06,26.47,32.89,9.33,24.87,25.19,5065.938428571428,126.05,23.51,89.24,6.4,19325.5,19449.96,PositionState,upper,19506.0,19410.5,0.0,-95.5,146.0,-95.5,26.074074074074076,33.44000000000233
6923,6923,7055,1666364400000.0,18968.5,19159.5,18937.0,19154.5,10988.162,209293943.6645,2022-10-21 15:00:00,0.0001,71693.495,56.76,19092.81,18979.25,19036.03,19149.59,18922.46,19206.37,18865.68,-26.71,-37.76,11.05,17.1,28.62,30.86,27.3,8589.059571428572,656.64,12.46,25.69,5.21,18999.5,19066.16,PositionState,upper,19154.5,19142.5,0.0,-12.0,70.5,-36.0,1.4074074074074074,103.38000000000102
6974,6974,7106,1666548000000.0,19462.5,19522.5,19382.5,19431.0,13717.253,266958500.599,2022-10-23 18:00:00,6.019e-05,64611.584,75.24,19302.62,19134.2,19218.41,19386.83,19049.98,19471.05,18965.77,40.59,14.05,26.53,45.54,14.97,18.27,14.4,3938.899,853.23,22.38,204.74,27.36,19225.77,19373.68,PositionState,upper,19431.0,19328.0,0.0,-103.0,149.0,-103.0,30.818181818181817,-6.56000000000131
7018,7018,7150,1666706400000.0,19463.0,19528.5,19432.0,19476.5,11485.83,223664465.351,2022-10-25 14:00:00,9.32e-06,67235.236,68.85,19392.2,19284.64,19338.42,19445.99,19230.86,19499.77,19177.08,15.69,-1.27,16.97,31.81,20.46,15.67,14.75,4246.824357142857,613.82,14.52,91.09,15.18,19332.16,19429.56,PositionState,upper,19476.5,20602.0,0.0,1125.5,1353.5,0.0,983.6704545454544,1227.2999999999993
7092,7092,7224,1666972800000.0,20469.0,20738.0,20440.5,20695.5,15054.986,310558226.728,2022-10-28 16:00:00,1.22e-05,62364.415,66.21,20510.65,20229.09,20369.87,20651.43,20088.31,20792.21,19947.53,1.64,-55.8,57.44,21.71,18.81,29.98,27.47,9031.542214285717,746.27,34.27,108.4,8.6,20333.88,20565.66,PositionState,upper,20695.5,20750.0,0.0,54.5,246.5,-113.0,36.483870967741936,227.09000000000012
7250,7250,7382,1667541600000.0,20436.5,20679.0,20436.5,20592.5,14995.585,308643764.8995,2022-11-04 06:00:00,4.4e-05,59546.474,71.2,20418.46,20200.16,20309.31,20527.6,20091.01,20636.75,19981.87,36.09,-0.96,37.05,37.1,12.29,16.36,17.63,3502.54392857143,826.97,29.81,162.84,20.27,20321.11,20481.43,PositionState,upper,20592.5,21180.5,0.0,588.0,835.0,-47.5,533.4204545454545,760.9700000000012
7626,7626,7758,1668895200000.0,16671.0,16799.0,16670.5,16721.0,9444.998,158096146.9325,2022-11-19 22:00:00,2.644e-05,51677.803,62.7,16674.94,16619.56,16647.25,16702.64,16591.86,16730.33,16564.17,0.03,-9.1,9.13,36.67,16.25,11.3,12.22,1837.0879285714293,520.41,7.75,39.29,20.41,16642.83,16684.18,PositionState,upper,16721.0,16607.5,0.0,-113.5,0.0,-113.5,-39.86363636363637,-33.63999999999942
7773,7773,7905,1669424400000.0,16564.5,16685.0,16562.5,16613.5,7252.335,120620090.143,2022-11-26 01:00:00,-9.822e-05,55394.536,62.74,16559.19,16471.86,16515.53,16602.86,16428.19,16646.53,16384.52,12.86,-0.3,13.17,32.25,12.21,20.14,17.89,3312.6440714285723,72.07,10.31,-0.09,7.54,16523.61,16575.12,PositionState,upper,16613.5,16547.0,0.0,-66.5,6.5,-66.5,-10.916666666666666,5.069999999999709
7848,7848,7980,1669694400000.0,16276.5,16491.0,16274.0,16428.5,14788.37,242347646.163,2022-11-29 04:00:00,9.429e-05,52128.954,62.89,16316.1,16192.38,16254.24,16377.96,16130.52,16439.82,16068.66,-6.24,-35.01,28.76,31.05,16.55,17.77,26.82,6769.541285714287,368.94,18.34,100.69,13.4,16248.77,16342.05,PositionState,upper,16428.5,16355.5,0.0,-73.0,82.5,-73.0,27.545454545454547,56.44000000000233
7869,7869,8001,1669770000000.0,16828.5,16928.0,16817.0,16866.5,10908.634,184036592.5915,2022-11-30 01:00:00,1.048e-05,51805.121,75.07,16620.05,16362.4,16491.23,16748.88,16233.57,16877.7,16104.75,87.22,49.18,38.04,38.35,7.8,26.21,26.56,6599.823714285715,556.34,39.5,280.18,18.04,16528.77,16752.37,PositionState,upper,16866.5,16969.5,0.0,103.0,280.0,-91.5,119.85897435897436,279.7400000000016
7939,7939,8071,1670022000000.0,17031.0,17084.0,17031.0,17083.5,2488.449,42452769.8505,2022-12-02 23:00:00,4.769e-05,54114.444,63.62,17027.65,16929.07,16978.36,17076.95,16879.77,17126.24,16830.48,15.94,0.2,15.74,23.27,15.54,16.45,16.71,5314.165071428572,41.03,11.06,41.67,2.1,16982.0,17048.24,PositionState,upper,17083.5,16968.0,0.0,-115.5,0.0,-115.5,-63.0,-59.890000000003056
7988,7988,8120,1670198400000.0,17096.0,17260.0,17065.0,17201.0,10191.385,175179709.4975,2022-12-05 00:00:00,-0.00010183,55323.39,75.64,17108.64,16981.49,17045.06,17172.22,16917.91,17235.79,16854.34,43.16,26.56,16.6,35.3,8.37,32.79,27.89,4601.14092857143,629.58,16.4,64.46,4.82,17082.55,17146.82,PositionState,upper,17201.0,17196.0,0.0,-5.0,145.0,-14.5,64.43333333333334,73.86000000000058
8035,8035,8167,1670367600000.0,16967.0,17116.5,16967.0,17081.5,9119.168,155543132.0675,2022-12-06 23:00:00,9.862e-05,58085.073,60.48,17025.13,16967.98,16996.56,17053.71,16939.41,17082.28,16910.83,-11.02,-23.33,12.3,25.33,19.14,19.58,19.61,3739.289857142858,416.98,8.94,36.81,14.1,16983.27,17028.11,PositionState,upper,17081.5,17000.5,0.0,-81.0,0.0,-81.0,-42.285714285714285,-12.06000000000131
8074,8074,8206,1670508000000.0,16850.0,16920.0,16822.5,16892.5,6217.335,104910286.9795,2022-12-08 14:00:00,-8.519e-05,58742.228,58.44,16854.91,16810.88,16832.89,16876.92,16788.87,16898.93,16766.86,-5.93,-18.26,12.32,19.86,24.79,20.78,23.86,2891.925500000001,197.13,6.27,24.27,7.45,16826.44,16864.09,PositionState,upper,16892.5,17144.0,0.0,251.5,350.5,0.0,264.6041666666667,323.7999999999993
8150,8150,8282,1670781600000.0,17167.5,17207.5,17164.5,17191.0,1908.232,32787256.835,2022-12-11 18:00:00,-7.369e-05,62701.823,63.67,17172.01,17142.29,17157.15,17186.87,17127.44,17201.72,17112.58,5.38,3.27,2.11,27.25,14.82,10.45,10.6,1050.6422857142868,101.16,3.56,3.55,12.21,17158.16,17175.36,PositionState,upper,17191.0,17095.5,0.0,-95.5,0.0,-95.5,-41.0,-42.900000000001455
8177,8177,8309,1670878800000.0,17107.0,17210.0,17107.0,17154.5,13898.109,238471153.191,2022-12-12 21:00:00,-5.78e-05,60908.175,70.74,17087.09,16960.62,17023.85,17150.32,16897.38,17213.56,16834.15,6.5,-19.27,25.78,42.2,16.25,20.07,23.74,4036.127428571429,881.02,13.75,90.9,21.74,17029.5,17109.08,PositionState,upper,17154.5,17768.5,0.0,614.0,1050.5,-23.5,468.531914893617,841.3099999999977
8494,8494,8626,1672020000000.0,16844.5,16897.0,16844.5,16883.0,3354.654,56608717.2925,2022-12-26 02:00:00,0.0001,65569.758,64.14,16846.65,16796.82,16821.73,16871.56,16771.91,16896.47,16747.0,5.1,-2.63,7.73,25.78,20.34,24.6,17.49,2641.9497857142865,201.28,6.43,25.24,12.55,16816.38,16857.75,PositionState,upper,16883.0,16831.0,0.0,-52.0,1.5,-52.0,-29.3125,-22.549999999999272
8668,8668,8800,1672646400000.0,16717.5,16768.5,16707.5,16730.0,4244.389,71043623.457,2023-01-02 08:00:00,0.0001,72774.84299999,72.01,16673.21,16580.98,16627.1,16719.33,16534.86,16765.45,16488.75,31.0,18.78,12.21,38.48,11.35,24.79,21.12,2561.8448571428585,222.59,10.84,58.09,9.44,16644.22,16704.34,PositionState,upper,16730.0,16695.0,0.0,-35.0,22.0,-36.0,-10.433333333333334,12.889999999999418
8711,8711,8843,1672801200000.0,16732.0,16869.5,16732.0,16853.5,14170.986,238238658.9725,2023-01-04 03:00:00,0.0001,74250.19899999,73.38,16748.31,16646.96,16697.64,16798.99,16596.29,16849.67,16545.61,13.27,-1.55,14.83,39.97,14.34,19.98,22.8,4176.633000000001,910.54,16.4,67.93,17.3,16694.61,16779.8,PositionState,upper,16853.5,16801.5,0.0,-52.0,90.0,-52.0,-4.166666666666667,55.45000000000073
8775,8775,8907,1673031600000.0,16841.0,16958.0,16838.5,16930.5,9355.198,158172659.9845,2023-01-06 19:00:00,0.0001,70261.617,66.84,16858.52,16767.6,16813.06,16903.98,16722.14,16949.44,16676.68,8.89,-5.15,14.05,33.29,12.77,19.77,15.88,4718.756714285715,566.33,12.36,45.69,13.85,16802.94,16878.54,PositionState,upper,16930.5,16918.0,0.0,-12.5,41.5,-44.0,-1.85,47.93999999999869
8819,8819,8951,1673190000000.0,16945.5,17010.5,16933.5,16990.0,4902.592,83226058.93,2023-01-08 15:00:00,0.0001,69712.41899999,70.69,16950.15,16919.92,16935.04,16965.27,16904.81,16980.39,16889.69,9.1,7.15,1.95,47.28,10.63,30.32,29.35,1078.4281428571437,291.99,5.79,29.7,21.58,16937.38,16962.28,PositionState,upper,16990.0,16930.0,0.0,-60.0,0.0,-60.0,-30.0,-16.139999999999418
8827,8827,8959,1673218800000.0,16955.0,17190.0,16955.0,17119.5,17641.011,301267545.133,2023-01-08 23:00:00,0.0001,68988.429,77.17,16998.32,16912.29,16955.3,17041.34,16869.27,17084.36,16826.25,20.56,8.93,11.62,60.05,4.8,43.09,35.13,2914.270500000001,1093.29,17.27,106.7,26.22,16964.33,17035.42,PositionState,upper,17119.5,17211.0,0.0,91.5,223.5,0.0,104.36363636363636,220.2400000000016
8867,8867,8999,1673362800000.0,17278.5,17362.5,17255.5,17308.5,9730.164,168432492.957,2023-01-10 15:00:00,1.103e-05,67734.61599999,62.84,17266.88,17195.62,17231.25,17302.5,17160.0,17338.13,17124.37,23.51,20.19,3.32,31.57,15.63,27.19,37.28,3072.5300714285727,578.74,8.13,6.13,11.18,17245.0,17280.45,PositionState,upper,17308.5,17328.5,0.0,20.0,155.0,-19.0,95.88,88.21999999999753
8895,8895,9027,1673463600000.0,17478.0,17540.0,17459.5,17536.0,4434.115,77646837.3295,2023-01-11 19:00:00,1.701e-05,69893.774,68.38,17452.03,17363.15,17407.59,17496.47,17318.71,17540.91,17274.26,27.94,26.6,1.33,31.14,15.18,24.83,29.5,3680.433285714287,211.39,13.52,52.11,13.37,17411.38,17478.29,PositionState,upper,17536.0,17987.0,0.0,451.0,740.0,0.0,497.625,639.3400000000001
8918,8918,9050,1673546400000.0,18833.5,18985.0,18602.5,18784.5,24627.683,462728675.3445,2023-01-12 18:00:00,-1.809e-05,60313.188,75.77,18386.85,17957.21,18172.03,18601.68,17742.39,18816.5,17527.57,220.13,184.05,36.07,40.85,9.36,44.77,46.47,13352.474642857143,1633.9,64.46,89.66,21.06,18302.27,18628.72,PositionState,upper,18784.5,20679.5,0.0,1895.0,2224.0,-31.5,1108.8157894736842,2119.619999999999
8997,8997,9129,1673830800000.0,20975.0,21356.5,20926.5,21192.5,20809.594,440200909.0825,2023-01-16 01:00:00,0.0001,50010.319,69.97,20996.0,20748.2,20872.1,21119.9,20624.3,21243.8,20500.4,94.78,79.36,15.42,27.02,19.45,13.97,16.67,6685.568714285716,1347.39,33.72,142.55,12.52,20931.33,21062.89,PositionState,upper,21192.5,20750.0,0.0,-442.5,20.0,-442.5,-84.1875,-119.22999999999956
9058,9058,9190,1674050400000.0,21398.5,21673.0,21305.0,21418.0,26685.668,572790366.394,2023-01-18 14:00:00,0.0001,53781.48,62.07,21335.78,21187.95,21261.86,21409.69,21114.03,21483.61,21040.12,36.4,27.5,8.9,29.97,12.28,23.64,25.35,6567.078285714287,1525.34,16.43,52.78,12.65,21269.27,21364.59,PositionState,upper,21418.0,21025.0,0.0,-393.0,0.0,-393.0,-196.5,-169.79999999999927
9087,9087,9219,1674154800000.0,20962.5,21123.5,20933.5,21075.0,9738.088,204982412.21,2023-01-19 19:00:00,-1.471e-05,55604.853,63.78,20948.73,20774.09,20861.41,21036.05,20686.78,21123.37,20599.46,-7.04,-50.54,43.49,21.18,15.65,22.15,24.85,5613.452285714287,588.62,22.47,127.17,7.4,20842.38,20986.68,PositionState,upper,21075.0,20967.0,0.0,-108.0,34.0,-163.0,-36.63636363636363,9.889999999999418
9109,9109,9241,1674234000000.0,21299.5,21400.0,21259.5,21337.5,9973.99,212824678.4515,2023-01-20 17:00:00,9.14e-06,58091.92,71.37,21173.01,20952.18,21062.59,21283.43,20841.76,21393.85,20731.34,74.7,41.24,33.45,27.22,9.62,20.27,18.29,6158.75792857143,546.9,28.93,141.04,3.71,21098.55,21270.19,PositionState,upper,21337.5,22739.0,0.0,1401.5,1941.0,0.0,1324.7833333333333,1690.050000000003
9181,9181,9313,1674493200000.0,22906.0,23070.5,22848.0,23067.5,5447.772,125038962.5785,2023-01-23 17:00:00,0.0001,45805.514,60.71,22927.81,22709.9,22818.86,23036.77,22600.94,23145.73,22491.99,38.76,14.18,24.58,21.35,12.55,17.83,20.26,7878.763714285715,203.27,26.17,38.06,3.58,22861.88,22957.92,PositionState,upper,23067.5,22792.0,0.0,-275.5,0.0,-275.5,-137.66666666666666,-89.93999999999869
9232,9232,9364,1674676800000.0,22752.5,22959.0,22752.0,22938.0,13644.301,312091433.285,2023-01-25 20:00:00,0.0001,48977.833,60.7,22798.28,22594.67,22696.47,22900.08,22492.86,23001.89,22391.05,-15.21,-53.33,38.11,23.89,21.84,28.35,28.26,6293.0033571428585,811.0,25.42,122.72,9.86,22661.83,22821.14,PositionState,upper,22938.0,22967.5,0.0,29.5,680.0,0.0,200.5,224.4200000000019
9309,9309,9441,1674954000000.0,23108.0,23514.0,23108.0,23237.0,17373.74,405465999.672,2023-01-29 01:00:00,0.0001,46177.701,66.14,23100.19,22973.89,23037.04,23163.34,22910.75,23226.48,22847.6,18.48,-1.83,20.32,39.32,11.09,14.97,16.59,3159.9352857142867,1149.27,21.04,112.81,27.08,23039.16,23146.46,PositionState,upper,23237.0,23555.0,0.0,318.0,658.5,-93.5,284.5625,468.9599999999991
9400,9400,9532,1675281600000.0,23381.0,23658.0,23315.0,23568.5,24208.637,568796580.984,2023-02-01 20:00:00,0.0001,46091.365,73.59,23263.13,22988.01,23125.57,23400.69,22850.45,23538.25,22712.89,57.17,13.05,44.11,29.88,11.09,18.27,17.04,8917.203000000001,1558.11,46.61,305.64,13.66,23137.22,23390.19,PositionState,upper,23568.5,23612.0,0.0,43.5,627.0,0.0,237.5,313.0500000000029
9422,9422,9554,1675360800000.0,23899.5,24159.5,23899.5,24064.5,13532.161,325541416.4535,2023-02-02 18:00:00,0.0001,48039.041,65.75,23879.76,23641.52,23760.64,23998.88,23522.4,24118.0,23403.27,128.58,137.41,-8.83,22.92,14.43,25.52,31.38,6420.500357142858,768.19,31.98,43.13,8.62,23822.94,23952.7,PositionState,upper,24064.5,23447.0,0.0,-617.5,0.0,-617.5,-261.75,-286.5499999999993
9641,9641,9773,1676149200000.0,21657.8,21860.0,21650.0,21814.0,5755.843,125348713.643,2023-02-11 21:00:00,0.0001,50895.383,58.75,21744.42,21663.06,21703.74,21785.1,21622.38,21825.79,21581.7,-18.38,-35.63,17.25,25.85,19.14,30.72,38.89,2144.4745000000007,234.78,11.6,33.32,16.78,21707.02,21737.27,PositionState,upper,21814.0,21725.2,0.0,-88.79999999999927,177.40000000000146,-88.79999999999927,38.41200000000012,106.27999999999884
9726,9726,9858,1676455200000.0,22158.0,22249.7,22138.0,22222.0,4738.868,105191881.7348,2023-02-15 10:00:00,5.8e-07,52083.389,63.1,22148.92,22014.59,22081.75,22216.08,21947.42,22283.25,21880.26,72.08,80.31,-8.22,23.97,12.7,19.52,20.5,2648.9545000000007,143.14,14.75,-81.18,6.33,22113.41,22174.04,PositionState,upper,22222.0,24003.8,0.0,1781.7999999999993,2878.5,0.0,1866.4054054054056,2148.790000000001
9784,9784,9916,1676664000000.0,24526.8,25043.9,24519.6,24832.9,27979.592,694868713.2881,2023-02-17 20:00:00,0.0001,43586.687,70.73,24452.79,23833.25,24143.02,24762.56,23523.48,25072.32,23213.71,109.68,0.21,109.46,33.2,11.08,29.38,33.44,13820.47542857143,1703.47,72.61,393.85,11.62,24195.94,24614.08,PositionState,upper,24832.9,24461.2,0.0,-371.7000000000007,0.0,-371.7000000000007,-228.7200000000012,-99.53000000000247
9805,9805,9937,1676739600000.0,24651.2,24719.9,24580.1,24691.7,4411.104,108757473.8436,2023-02-18 17:00:00,0.0001,46023.621,58.74,24620.64,24495.94,24558.29,24682.99,24433.59,24745.34,24371.24,100.98,109.62,-8.63,19.13,18.3,12.81,18.54,3224.691142857144,116.89,14.04,-40.11,-3.02,24607.45,24672.9,PositionState,upper,24691.7,24633.2,0.0,-58.5,71.20000000000073,-93.29999999999929,-18.328571428571845,9.219999999997526
9827,9827,9959,1676818800000.0,24754.3,25071.5,24723.0,24924.9,20292.076,504977588.7434,2023-02-19 15:00:00,0.0001,47227.508,67.44,24760.9,24603.48,24682.19,24839.61,24524.76,24918.32,24446.05,53.06,41.7,11.35,37.07,11.52,18.5,15.39,3933.811142857144,1222.66,25.54,106.37,16.04,24682.32,24819.57,PositionState,upper,24924.9,24358.4,0.0,-566.5,0.0,-566.5,-238.4333333333343,-241.45999999999916
9866,9866,9998,1676959200000.0,24951.5,25046.9,24928.0,25034.9,3312.537,82754943.3744,2023-02-21 06:00:00,0.0001,48478.612,64.27,24922.14,24776.62,24849.38,24994.89,24703.87,25067.65,24631.11,79.33,71.86,7.46,25.15,13.66,15.31,15.56,3502.187500000001,-864.64,19.53,52.06,2.76,24893.31,24981.95,PositionState,upper,25034.9,24691.1,0.0,-343.8000000000029,0.0,-343.8000000000029,-125.8666666666686,-140.63999999999942
9998,9998,10130,1677434400000.0,23237.0,23531.5,23215.4,23477.1,16521.26,386565679.4026,2023-02-26 18:00:00,0.0001,54013.457,66.41,23285.31,23125.9,23205.61,23365.02,23046.2,23444.72,22966.49,41.07,16.98,24.09,35.38,17.06,18.51,25.27,3851.8629285714296,1018.59,28.58,84.5,15.99,23239.17,23347.66,PositionState,upper,23477.1,23384.7,0.0,-92.39999999999782,156.5,-92.39999999999782,35.50833333333443,100.29999999999929
10018,10018,10150,1677506400000.0,23700.0,23850.1,23674.7,23795.0,12833.443,304892334.4991,2023-02-27 14:00:00,0.0001,52952.515,70.24,23575.94,23351.93,23463.94,23687.95,23239.92,23799.96,23127.91,74.9,56.6,18.3,35.19,15.03,16.89,19.15,4705.402857142858,661.69,34.84,121.68,16.63,23472.94,23672.86,PositionState,upper,23795.0,23387.9,0.0,-407.09999999999854,0.0,-407.09999999999854,-217.3666666666662,-173.20000000000073
10149,10149,10281,1677978000000.0,22367.2,22672.9,22340.0,22575.7,15746.396,354841290.8732,2023-03-05 01:00:00,0.0001,51450.377,66.77,22414.74,22272.92,22343.83,22485.65,22202.01,22556.56,22131.1,-11.3,-43.02,31.72,36.88,19.13,38.88,42.3,3368.396500000001,1070.12,24.41,121.33,25.18,22318.28,22454.45,PositionState,upper,22575.7,22332.5,0.0,-243.20000000000076,0.0,-243.20000000000076,-171.25000000000043,-94.86999999999898
10333,10333,10465,1678640400000.0,20382.9,20868.0,20367.6,20776.5,29338.317,606402541.6368,2023-03-12 17:00:00,9.121e-05,54973.816,73.72,20480.32,20291.57,20385.95,20574.7,20197.2,20669.07,20102.82,63.88,45.24,18.63,37.39,15.79,16.46,18.72,4849.533357142857,1854.4,41.11,234.75,22.25,20423.82,20572.74,PositionState,upper,20776.5,24576.4,0.0,3799.9000000000015,5145.299999999999,-9.599999999998545,2743.8807692307696,4323.75
10422,10422,10554,1678960800000.0,24657.3,25068.7,24568.0,24928.5,16150.941,401395515.9972,2023-03-16 10:00:00,0.0001,48364.245,63.63,24704.61,24342.02,24523.32,24885.91,24160.73,25067.21,23979.43,26.5,-38.6,65.11,26.3,13.93,14.88,16.63,6986.993142857144,806.53,42.65,95.97,6.25,24511.41,24767.14,PositionState,upper,24928.5,24686.4,0.0,-242.09999999999852,20.599999999998545,-253.40000000000143,-121.07272727272752,4.990000000001601
10438,10438,10570,1679018400000.0,25654.5,25888.0,25477.3,25569.5,22353.172,574884800.4346,2023-03-17 02:00:00,0.0001,49284.482,68.06,25196.97,24658.82,24927.9,25466.05,24389.75,25735.12,24120.67,195.15,118.95,76.2,36.72,10.49,24.67,20.48,10738.789142857144,540.24,67.54,382.81,13.43,25047.68,25430.16,PositionState,upper,25569.5,27184.2,0.0,1614.7000000000007,2042.2999999999995,0.0,1334.275,1818.9700000000007
10499,10499,10631,1679238000000.0,27316.1,27766.0,27296.6,27546.0,23687.789,652078406.7183,2023-03-19 15:00:00,0.0001,53762.33,65.77,27328.36,27017.13,27172.74,27483.97,26861.52,27639.59,26705.9,55.97,21.22,34.75,30.63,15.58,20.78,24.2,6134.218142857144,1399.5,39.29,120.74,12.42,27159.68,27393.16,PositionState,upper,27546.0,27427.0,0.0,-119.0,762.0,-119.0,348.8166666666666,216.0600000000013
10569,10569,10701,1679490000000.0,28202.6,28385.1,28155.0,28273.4,10776.601,304917138.9035,2023-03-22 13:00:00,6.154e-05,54935.989,59.63,28179.17,28032.82,28105.99,28252.34,27959.65,28325.51,27886.48,63.5,59.65,3.85,24.46,15.03,11.93,11.18,4221.635142857144,579.55,17.62,1.77,5.81,28151.03,28216.18,PositionState,upper,28273.4,28011.6,0.0,-261.8000000000029,358.1999999999971,-261.8000000000029,149.24999999999878,53.09000000000015
10595,10595,10727,1679583600000.0,28042.4,28780.0,27950.0,28567.9,48897.809,1389890539.3095,2023-03-23 15:00:00,8.682e-05,55153.41,67.13,28033.71,27367.23,27700.47,28366.95,27033.99,28700.2,26700.74,33.72,-76.85,110.58,37.28,17.3,23.27,26.43,9911.188714285716,3181.7,91.31,251.94,25.25,27718.06,28154.65,PositionState,upper,28567.9,28023.0,0.0,-544.9000000000015,0.0,-686.1000000000022,-334.83333333333456,-17.75
10663,10663,10795,1679828400000.0,27662.5,27940.0,27632.6,27848.0,6832.837,189807154.2206,2023-03-26 11:00:00,-4.2e-05,52987.4,65.13,27706.76,27432.56,27569.66,27843.86,27295.46,27980.96,27158.36,39.12,-2.74,41.86,29.54,15.37,23.28,27.87,2765.856857142858,299.15,29.29,100.86,8.45,27594.65,27745.65,PositionState,upper,27848.0,27703.8,0.0,-144.20000000000073,291.7000000000007,-167.20000000000073,8.094736842104842,47.77999999999884
10731,10731,10863,1680073200000.0,28037.8,28159.9,27960.0,28076.1,8382.137,235162006.7404,2023-03-29 07:00:00,-5.442e-05,55338.4,74.16,27728.44,27063.29,27395.87,28061.01,26730.72,28393.59,26398.15,179.21,78.68,100.52,37.22,9.72,29.03,27.09,7794.873071428572,49.51,71.61,377.29,8.17,27524.77,27918.27,PositionState,upper,28076.1,28418.4,0.0,342.3000000000029,876.8000000000029,0.0,363.95312500000136,571.3299999999981
10786,10786,10918,1680271200000.0,28355.1,28675.1,28314.4,28501.6,13616.498,388209340.7181,2023-03-31 14:00:00,3.594e-05,52542.86,62.37,28295.68,27922.13,28108.91,28482.45,27735.36,28669.22,27548.59,-9.75,-64.83,55.07,28.88,18.46,20.55,22.18,8206.659000000001,152.39,41.34,172.7,10.06,28013.83,28336.59,PositionState,upper,28501.6,28412.3,0.0,-89.29999999999927,101.40000000000146,-209.29999999999927,-34.03888888888792,123.43999999999868
10893,10893,11025,1680656400000.0,28657.2,28740.9,28535.7,28562.1,7974.034,228148712.3211,2023-04-05 01:00:00,-8.251e-05,51038.731,64.84,28358.26,28042.25,28200.25,28516.26,27884.25,28674.26,27726.25,107.32,64.14,43.18,30.97,14.21,14.5,15.31,6444.402142857144,-212.67,38.09,152.76,12.24,28271.01,28486.46,PositionState,upper,28562.1,28399.2,0.0,-162.89999999999782,11.200000000000728,-162.89999999999782,-38.94615384615239,-15.18999999999869
11007,11007,11139,1681066800000.0,28012.0,28273.9,27982.9,28127.0,10561.138,297261677.3221,2023-04-09 19:00:00,6.249e-05,55175.774,68.43,28020.52,27867.23,27943.88,28097.17,27790.59,28173.82,27713.94,5.78,-12.49,18.27,35.59,17.28,20.02,17.85,3349.1232857142863,664.46,19.28,63.44,25.31,27931.65,28038.12,PositionState,upper,28127.0,28199.9,0.0,72.90000000000146,290.5,-28.700000000000728,143.61578947368426,199.59000000000012
11028,11028,11160,1681142400000.0,28419.2,29176.9,28361.0,29029.1,34805.576,1001954866.7084,2023-04-10 16:00:00,-2.71e-06,57801.265,83.03,28486.99,28148.73,28317.86,28656.12,27979.6,28825.25,27810.47,122.08,80.89,41.19,48.79,10.36,30.33,30.7,6131.483571428573,2365.2,74.86,411.59,29.97,28374.67,28685.25,PositionState,upper,29029.1,29909.3,0.0,880.2000000000007,1220.7000000000007,0.0,884.1085714285726,1361.5200000000004
11109,11109,11241,1681434000000.0,30739.9,30949.8,30692.9,30784.1,10895.177,335655245.4057,2023-04-14 01:00:00,0.0001,55883.111,71.45,30529.1,30149.33,30339.22,30718.99,29959.44,30908.87,29769.56,136.21,99.92,36.29,38.03,9.72,35.24,28.16,7744.360428571429,600.28,46.83,222.68,13.8,30426.5,30658.25,PositionState,upper,30784.1,30606.5,0.0,-177.59999999999854,160.70000000000073,-188.59999999999852,-40.29999999999867,34.20999999999913
11392,11392,11524,1682452800000.0,27596.2,28036.0,27596.1,27956.8,19056.336,531430405.2277,2023-04-25 20:00:00,7.472e-05,56918.706,70.56,27629.35,27318.75,27474.05,27784.65,27163.46,27939.94,27008.16,62.36,3.91,58.45,33.37,13.38,15.59,12.99,7393.862714285716,1152.88,50.8,277.29,11.11,27492.44,27758.17,PositionState,upper,27956.8,27871.8,0.0,-85.0,1991.2000000000007,-85.0,847.4708333333341,1043.4700000000012
11438,11438,11570,1682618400000.0,29288.7,29883.5,29210.8,29752.0,24908.346,737857142.9839998,2023-04-27 18:00:00,5.14e-05,50717.774,65.55,29300.36,28790.73,29045.55,29555.18,28535.92,29810.0,28281.1,150.15,98.17,51.98,35.27,14.89,21.98,28.37,11820.981642857145,1317.42,74.36,126.97,8.46,29100.73,29466.51,PositionState,upper,29752.0,29238.1,0.0,-513.9000000000015,0.0,-513.9000000000015,-257.0199999999999,-116.34999999999854
11506,11506,11638,1682863200000.0,29274.2,29429.3,29234.3,29373.4,5534.952,162431924.3046,2023-04-30 14:00:00,1.77e-06,53380.406,62.87,29295.38,29180.51,29237.94,29352.81,29123.08,29410.24,29065.65,9.22,-7.09,16.32,29.16,13.05,15.29,15.5,2147.739142857144,262.94,14.25,57.15,11.75,29249.82,29308.54,PositionState,upper,29373.4,29349.9,0.0,-23.5,322.0,-23.5,168.08333333333272,158.14999999999782
11586,11586,11718,1683151200000.0,28911.6,29262.8,28911.6,29091.4,13277.069,386674493.183,2023-05-03 22:00:00,0.0001,50104.887,67.25,28752.54,28346.26,28549.4,28955.68,28143.13,29158.82,27939.99,76.9,25.97,50.92,32.38,13.84,22.37,26.24,11506.90957142857,553.15,57.05,291.36,14.08,28531.1,28884.67,PositionState,upper,29091.4,28744.6,0.0,-346.8000000000029,138.5,-346.8000000000029,-21.618750000001228,36.34000000000015
11745,11745,11877,1683723600000.0,28156.9,28293.0,28012.6,28148.0,20534.93,578282622.2644,2023-05-10 13:00:00,5.003e-05,55536.807,69.94,27883.02,27547.35,27715.19,28050.86,27379.52,28218.69,27211.68,57.71,-1.78,59.5,39.12,12.37,20.14,21.95,5739.976785714287,1380.78,45.55,351.94,20.32,27716.25,28016.92,PositionState,upper,28148.0,27482.2,0.0,-665.7999999999993,18.0,-665.7999999999993,-146.05999999999986,-211.2599999999984
11824,11824,11956,1684008000000.0,26824.2,26917.8,26824.1,26895.1,1767.151,47474864.277,2023-05-13 20:00:00,3.553e-05,52756.956,62.23,26811.77,26737.69,26774.73,26848.81,26700.66,26885.84,26663.62,42.96,38.31,4.65,22.36,11.67,20.07,25.41,2423.1197142857154,-89.02,12.66,34.65,-2.98,26810.94,26849.89,PositionState,upper,26895.1,26767.1,0.0,-128.0,0.0,-128.0,-46.974999999999454,-33.919999999998254
11843,11843,11975,1684076400000.0,26946.9,27198.6,26946.8,27064.4,13918.908,376879041.7624,2023-05-14 15:00:00,4.795e-05,51958.028,71.24,26927.47,26779.59,26853.53,27001.41,26705.65,27075.36,26631.71,46.35,28.71,17.63,32.5,14.48,13.5,16.33,2592.1359285714293,787.94,22.18,105.29,16.01,26877.38,26985.52,PositionState,upper,27064.4,26870.1,0.0,-194.3000000000029,0.0,-194.3000000000029,-122.88000000000174,-87.11999999999898
11853,11853,11985,1684112400000.0,26794.8,27279.0,26770.8,27195.7,13116.062,355252906.6093,2023-05-15 01:00:00,7.979e-05,52798.611,67.27,26995.76,26812.92,26904.34,27087.18,26721.49,27178.6,26630.07,42.76,33.79,8.96,30.61,17.07,15.68,14.12,4302.080857142858,845.95,30.67,108.47,16.63,26923.4,27021.55,PositionState,upper,27195.7,27300.3,0.0,104.59999999999854,294.2000000000007,-45.60000000000218,160.02727272727216,312.1399999999994
11987,11987,12119,1684594800000.0,26908.1,26963.0,26878.0,26929.7,2895.83,77982306.62899998,2023-05-20 15:00:00,0.0001,56614.937,57.15,26901.67,26848.63,26875.15,26928.19,26822.1,26954.71,26795.58,5.41,-4.41,9.82,26.5,11.29,20.52,18.31,1699.9602857142868,168.68,5.74,22.04,3.5,26882.52,26910.62,PositionState,upper,26929.7,27042.7,0.0,113.0,303.8999999999978,-25.200000000000728,142.11764705882246,159.28000000000247
12046,12046,12178,1684807200000.0,26982.8,27180.1,26982.8,27118.5,4381.095,118641745.7164,2023-05-23 02:00:00,6.784e-05,56832.864,66.71,26963.0,26800.41,26881.7,27044.29,26719.11,27125.59,26637.82,33.27,10.88,22.39,27.58,11.13,23.12,26.2,4754.588071428573,38.52,24.92,104.63,8.34,26900.38,27013.46,PositionState,upper,27118.5,27122.0,0.0,3.5,250.20000000000076,0.0,152.54705882352914,159.40000000000146
12130,12130,12262,1685109600000.0,26529.9,26929.9,26529.9,26755.1,23642.265,632365798.8128,2023-05-26 14:00:00,-1.91e-05,60156.198,70.65,26536.17,26378.35,26457.26,26615.07,26299.45,26693.98,26220.54,47.8,22.7,25.09,35.36,15.0,16.69,20.32,4528.6275000000005,1482.65,31.34,159.89,19.17,26491.97,26619.9,PositionState,upper,26755.1,26670.8,0.0,-84.29999999999927,28.200000000000728,-114.5,-40.55238095237967,63.29999999999927
12163,12163,12295,1685228400000.0,26794.7,26897.6,26794.7,26838.5,2565.648,68859304.3552,2023-05-27 23:00:00,8.723e-05,58993.371,64.97,26764.57,26664.5,26714.54,26814.6,26614.47,26864.64,26564.43,38.98,30.28,8.69,30.91,13.17,18.22,16.86,2122.100142857144,96.88,13.04,55.11,8.05,26732.78,26802.04,PositionState,upper,26838.5,27782.3,0.0,943.7999999999992,1336.9000000000017,0.0,704.7175000000001,1032.4300000000003
12396,12396,12528,1686067200000.0,26055.0,26394.2,26054.9,26358.8,18610.719,487952332.1049,2023-06-06 16:00:00,0.0001,64208.053,64.76,26079.71,25726.32,25903.02,26256.4,25549.63,26433.1,25372.94,-64.98,-169.47,104.48,27.72,24.87,42.7,47.69,7882.300642857143,1171.4,47.97,314.08,8.86,25835.43,26153.54,PositionState,upper,26358.8,26475.8,0.0,117.0,858.1000000000022,0.0,524.5277777777784,494.2900000000009
12443,12443,12575,1686236400000.0,26631.3,26810.5,26570.2,26703.1,7574.382,202123496.2019,2023-06-08 15:00:00,2.319e-05,56917.702,60.89,26585.23,26356.47,26470.85,26699.61,26242.1,26813.99,26127.72,15.46,-20.82,36.29,27.08,17.06,19.69,21.88,4400.833071428572,400.94,24.43,138.83,10.64,26477.98,26612.61,PositionState,upper,26703.1,26485.1,0.0,-218.0,0.0,-230.79999999999927,-155.44444444444363,-95.88999999999942
12517,12517,12649,1686502800000.0,25855.5,26072.7,25833.2,25933.3,7993.738,207487861.0138,2023-06-11 17:00:00,0.0001,58281.983,57.94,25844.06,25723.85,25783.95,25904.16,25663.74,25964.26,25603.64,-11.19,-39.84,28.65,30.24,14.49,14.86,19.36,2569.119000000001,473.27,15.72,69.54,13.32,25773.66,25864.99,PositionState,upper,25933.3,25766.0,0.0,-167.29999999999927,181.60000000000215,-167.29999999999927,17.140000000000875,-13.830000000001746
12550,12550,12682,1686621600000.0,25963.9,26150.0,25930.0,26117.9,7310.492,190548209.7772,2023-06-13 02:00:00,0.0001,56353.826,65.65,25979.03,25818.34,25898.68,26059.37,25737.99,26139.72,25657.65,30.04,9.35,20.69,23.51,13.77,12.37,13.81,4002.030857142858,364.27,23.06,82.53,3.33,25911.76,26019.49,PositionState,upper,26117.9,26019.5,0.0,-98.40000000000146,57.19999999999709,-98.40000000000146,-24.96666666666806,46.72999999999956
12635,12635,12767,1686927600000.0,25610.0,25885.0,25550.0,25834.0,20237.224,519855154.1509,2023-06-16 15:00:00,0.0001,62289.969,67.28,25594.16,25444.79,25519.48,25668.84,25370.11,25743.52,25295.43,79.07,64.15,14.92,19.11,23.97,16.97,23.22,5445.374000000002,1291.94,33.11,110.67,3.99,25570.77,25696.24,PositionState,upper,25834.0,26442.5,0.0,608.5,849.2000000000007,0.0,577.8382352941177,784.7999999999993
12685,12685,12817,1687107600000.0,26604.3,26643.0,26552.9,26618.1,1913.499,50900637.1306,2023-06-18 17:00:00,4.409e-05,62873.373,61.73,26563.42,26475.95,26519.69,26607.16,26432.21,26650.89,26388.48,44.93,45.65,-0.71,24.38,15.82,10.97,12.0,2197.114642857144,43.11,10.35,46.08,4.41,26533.1,26592.62,PositionState,upper,26618.1,26464.1,0.0,-154.0,23.100000000002183,-154.0,-34.19999999999891,-49.669999999998254
12712,12712,12844,1687204800000.0,26667.9,26848.5,26659.9,26709.4,9179.544,245652997.8095,2023-06-19 20:00:00,9.362e-05,62287.787,62.35,26605.6,26416.01,26510.8,26700.39,26321.21,26795.19,26226.42,42.2,12.99,29.21,35.72,13.8,22.55,21.08,7385.782285714287,558.82,20.89,96.69,0.39,26544.65,26652.88,PositionState,upper,26709.4,26763.6,0.0,54.19999999999709,263.2999999999993,0.0,111.4578947368406,137.77999999999884
12732,12732,12864,1687276800000.0,27054.6,27381.3,26987.0,27363.8,28553.2,776623507.4134998,2023-06-20 16:00:00,4.621e-05,67584.65399999,73.21,26989.36,26708.08,26848.72,27130.01,26567.44,27270.65,26426.8,111.29,82.64,28.65,37.83,12.89,35.24,34.75,6504.532714285715,1830.98,54.21,261.68,15.66,26888.17,27143.21,PositionState,upper,27363.8,29917.0,0.0,2553.2000000000007,3101.7000000000007,0.0,1942.0795454545464,2884.920000000002
12803,12803,12935,1687532400000.0,30270.8,31444.0,30230.6,31228.8,68096.638,2101997601.6877,2023-06-23 15:00:00,0.0001,65056.364,78.73,30443.23,29891.5,30167.36,30719.09,29615.63,30994.96,29339.77,149.9,75.03,74.86,43.51,10.44,17.69,21.31,9099.94542857143,4744.33,111.72,761.5,29.44,30214.16,30702.81,PositionState,upper,31228.8,30472.5,0.0,-756.2999999999993,4.400000000001455,-756.2999999999993,-360.3899999999994,-120.94000000000231
12840,12840,12972,1687665600000.0,30742.7,31042.1,30742.7,30883.3,11524.888,356203353.1634,2023-06-25 04:00:00,0.0001,63703.174,64.36,30724.82,30509.42,30617.12,30832.52,30401.72,30940.22,30294.01,38.25,17.85,20.4,30.4,18.34,13.93,12.57,4203.945071428572,627.58,28.02,112.43,14.43,30598.08,30772.91,PositionState,upper,30883.3,30612.0,0.0,-271.2999999999993,0.0,-271.2999999999993,-121.5142857142855,-109.56999999999972
12895,12895,13027,1687863600000.0,30645.0,30782.8,30532.4,30720.4,8082.004,247844475.4533,2023-06-27 11:00:00,0.0001,66382.46799999,65.99,30558.51,30235.51,30397.01,30720.01,30074.01,30881.52,29912.5,52.16,6.14,46.02,33.45,13.79,15.01,13.62,3497.874642857144,427.34,34.03,181.77,11.7,30426.21,30613.86,PositionState,upper,30720.4,30483.4,0.0,-237.0,73.39999999999782,-237.0,-73.80666666666802,-57.83000000000175
12942,12942,13074,1688032800000.0,30420.6,30737.4,30388.8,30685.0,14594.496,446707436.3312,2023-06-29 10:00:00,6.167e-05,67752.685,69.21,30437.57,30131.88,30284.73,30590.42,29979.03,30743.27,29826.18,32.9,-29.89,62.79,29.35,13.97,23.64,24.49,3453.000214285715,705.42,42.13,210.22,11.08,30296.33,30526.86,PositionState,upper,30685.0,30385.1,0.0,-299.90000000000146,0.0,-299.90000000000146,-145.8727272727278,-59.59000000000015
12959,12959,13091,1688094000000.0,30641.9,30875.7,30612.0,30733.0,10223.143,314437443.7635,2023-06-30 03:00:00,0.0001,65458.891,65.24,30579.45,30358.4,30468.93,30689.98,30247.88,30800.5,30137.35,58.84,46.31,12.52,28.4,14.22,18.08,20.64,4943.624357142858,-285.56,27.79,29.57,14.24,30484.52,30626.71,PositionState,upper,30733.0,30118.1,0.0,-614.9000000000015,255.5,-614.9000000000015,3.263636363636165,-113.40999999999984
12992,12992,13124,1688212800000.0,30515.8,30630.0,30501.4,30559.2,3871.89,118406530.4285,2023-07-01 12:00:00,0.0001,59137.545,57.2,30508.3,30408.92,30458.61,30558.0,30359.23,30607.69,30309.53,2.5,-14.2,16.7,25.72,19.46,12.19,16.5,1781.5187142857153,157.09,10.59,-55.01,5.07,30451.44,30519.04,PositionState,upper,30559.2,30530.0,0.0,-29.200000000000728,43.5,-29.200000000000728,10.153333333332558,27.25
13043,13043,13175,1688396400000.0,30720.0,31173.1,30720.0,31055.7,23359.823,723284633.1377999,2023-07-03 15:00:00,0.0001,62167.241,76.97,30770.88,30566.34,30668.61,30873.16,30464.07,30975.43,30361.79,58.96,34.7,24.26,42.72,14.57,14.87,15.64,3691.931285714287,1455.63,40.74,206.1,25.09,30686.41,30865.83,PositionState,upper,31055.7,30962.5,0.0,-93.20000000000071,218.79999999999927,-93.20000000000071,62.6533333333328,176.5799999999981
13107,13107,13239,1688626800000.0,30675.8,30840.0,30673.9,30788.5,6453.674,198618469.9157,2023-07-06 07:00:00,4.675e-05,61541.771,64.18,30654.76,30439.34,30547.05,30762.48,30331.62,30870.19,30223.91,-9.83,-59.04,49.21,25.8,15.65,32.83,38.42,2887.3726428571435,83.25,25.41,165.89,9.75,30530.71,30692.15,PositionState,upper,30788.5,30586.4,0.0,-202.09999999999852,532.5999999999985,-202.09999999999852,176.60000000000036,89.32999999999811
13172,13172,13304,1688860800000.0,30271.3,30335.5,30231.5,30321.1,2191.098,66362371.7843,2023-07-09 00:00:00,5.799e-05,59779.209,58.61,30266.15,30169.46,30217.8,30314.49,30121.12,30362.83,30072.78,-1.39,-14.25,12.86,27.53,21.44,10.33,10.02,1488.2522142857154,121.1,10.86,38.3,8.71,30208.9,30274.62,PositionState,upper,30321.1,30251.3,0.0,-69.79999999999927,0.0,-71.59999999999854,-44.65714285714135,-3.7399999999979623
13215,13215,13347,1689015600000.0,30514.7,30820.0,30474.3,30818.3,12624.458,387023767.8156,2023-07-10 19:00:00,7.674e-05,62918.501,77.2,30469.69,30112.17,30290.93,30648.45,29933.41,30827.21,29754.65,82.88,20.68,62.19,35.43,10.59,21.51,22.11,4125.754000000002,800.28,55.51,352.25,19.05,30343.81,30609.08,PositionState,upper,30818.3,30288.1,0.0,-530.2000000000007,0.0,-530.2000000000007,-196.2333333333336,-122.81000000000132
13286,13286,13418,1689271200000.0,31056.0,31479.0,31038.3,31239.1,24683.76,772106954.0632,2023-07-13 18:00:00,-9.45e-06,64050.939,74.76,30916.76,30388.99,30652.87,31180.65,30125.1,31444.53,29861.21,137.0,50.43,86.56,41.93,7.72,28.46,24.38,9639.795428571431,1647.27,61.7,340.83,8.82,30755.61,31077.23,PositionState,upper,31239.1,31088.0,0.0,-151.09999999999854,360.9000000000015,-151.09999999999854,118.4857142857158,131.54999999999927
13444,13444,13576,1689840000000.0,30190.0,30315.0,30158.0,30248.6,4733.504,143176504.3046,2023-07-20 08:00:00,9.372e-05,66352.031,65.17,30130.74,29916.49,30023.61,30237.87,29809.36,30345.0,29702.23,49.98,18.12,31.85,26.89,13.35,14.87,14.27,2711.0934285714297,114.78,23.68,119.23,3.22,30053.61,30189.52,PositionState,upper,30248.6,29760.1,0.0,-488.5,65.60000000000218,-488.5,-64.88571428571284,-197.1700000000019
13478,13478,13610,1689962400000.0,29907.6,30050.0,29907.6,29964.9,5805.263,174100291.4274,2023-07-21 18:00:00,-9.73e-06,65349.675,57.77,29905.88,29791.37,29848.63,29963.13,29734.12,30020.38,29676.87,-3.32,-25.62,22.29,26.25,17.91,20.56,24.22,2232.2451428571444,358.11,12.24,51.15,11.13,29842.85,29915.34,PositionState,upper,29964.9,29870.0,0.0,-94.90000000000146,7.599999999998545,-103.80000000000292,-61.52727272727432,-26.860000000000586
13525,13525,13657,1690131600000.0,29942.9,30117.7,29923.7,30101.6,6077.67,182467463.3267,2023-07-23 17:00:00,4.184e-05,63157.725,72.56,29971.47,29831.06,29901.26,30041.67,29760.86,30111.87,29690.66,29.24,12.38,16.86,36.0,14.39,12.37,14.32,1604.6030000000014,387.29,21.07,91.99,20.7,29914.61,30007.38,PositionState,upper,30101.6,29934.2,0.0,-167.39999999999782,124.20000000000071,-167.39999999999782,-7.899999999998545,16.029999999998836
13569,13569,13701,1690290000000.0,29099.5,29324.0,29068.4,29260.0,7525.101,219910944.9742,2023-07-25 13:00:00,-6.11e-06,66240.21,53.05,29218.36,29135.19,29176.78,29259.95,29093.61,29301.53,29052.02,-64.94,-99.82,34.88,27.44,23.07,38.67,44.61,2096.2383571428586,470.52,8.75,19.98,14.55,29145.35,29187.17,PositionState,upper,29260.0,29161.7,0.0,-98.29999999999929,0.0,-98.29999999999929,-49.14999999999964,-12.739999999997965
13748,13748,13880,1690934400000.0,29700.1,29838.9,29675.4,29810.0,13707.226,407830337.2772,2023-08-02 00:00:00,0.0001,66221.261,78.56,29474.56,28930.62,29202.59,29746.53,28658.65,30018.5,28386.68,111.45,12.3,99.14,41.02,17.35,29.19,29.13,8543.23842857143,832.93,63.93,399.61,19.99,29288.86,29637.22,PositionState,upper,29810.0,29444.0,0.0,-366.0,29.0,-366.0,-199.16923076923084,-149.5500000000029
13870,13870,14002,1691373600000.0,29130.9,29212.7,29109.8,29184.9,1352.862,39460200.4378,2023-08-07 02:00:00,0.0001,68325.823,63.11,29124.51,29042.77,29083.64,29165.38,29001.89,29206.26,28961.02,15.4,5.36,10.04,23.53,16.37,16.35,17.7,1441.1601428571444,22.53,10.65,46.61,10.55,29097.88,29140.92,PositionState,upper,29184.9,29035.1,0.0,-149.8000000000029,0.0,-149.8000000000029,-54.98000000000175,-55.84999999999855
13903,13903,14035,1691492400000.0,29286.0,29432.8,29259.6,29425.6,11048.252,324289140.1714,2023-08-08 11:00:00,2.398e-05,70424.304,70.06,29292.53,29090.54,29191.54,29393.52,28989.55,29494.51,28888.56,53.83,36.15,17.68,38.0,13.5,21.57,20.43,2337.510785714287,393.37,24.63,-6.36,13.48,29230.27,29330.21,PositionState,upper,29425.6,29750.0,0.0,324.40000000000146,636.7000000000007,-80.79999999999927,316.51071428571584,500.6599999999999
14051,14051,14183,1692025200000.0,29518.6,29656.6,29455.9,29587.4,11781.024,348481240.0729,2023-08-14 15:00:00,0.0001,72260.378,71.92,29491.94,29339.75,29415.84,29568.03,29263.66,29644.12,29187.56,27.47,8.41,19.05,33.24,20.22,26.39,27.32,3797.039571428573,538.18,18.06,86.12,21.18,29435.6,29519.99,PositionState,upper,29587.4,29320.5,0.0,-266.90000000000146,52.0,-266.90000000000146,-81.02500000000055,-95.27000000000044
14268,14268,14400,1692806400000.0,26134.9,26476.0,26118.5,26384.6,22662.175,596825220.3476,2023-08-23 16:00:00,1.921e-05,58920.23,68.66,26168.5,25893.18,26030.84,26306.15,25755.52,26443.81,25617.86,39.95,7.17,32.78,31.9,17.37,21.61,24.32,5584.861071428573,1534.86,37.24,119.8,14.59,26035.33,26223.57,PositionState,upper,26384.6,26375.7,0.0,-8.899999999997817,229.40000000000143,-77.39999999999782,57.70476190476326,187.02000000000044
14357,14357,14489,1693126800000.0,26043.3,26070.0,26031.9,26069.9,18794.288,489530690.0106,2023-08-27 09:00:00,-2.401e-05,57941.022,60.23,26046.52,26004.39,26025.45,26067.58,25983.33,26088.65,25962.26,1.63,-5.26,6.89,21.46,19.61,16.09,13.71,2550.3252142857164,1315.96,4.67,16.2,6.43,26020.8,26051.87,PositionState,upper,26069.9,26051.9,0.0,-18.0,80.09999999999854,-18.90000000000145,15.122222222221252,37.51000000000204
14411,14411,14543,1693321200000.0,27481.7,27545.6,27256.8,27408.9,21133.068,579150043.5855,2023-08-29 15:00:00,-1.24e-05,63085.817,85.87,26709.07,25851.7,26280.39,27137.76,25423.01,27566.44,24994.33,191.39,49.18,142.2,62.53,6.9,22.4,20.59,12407.562214285716,1326.02,118.79,1096.73,38.98,26312.76,27080.25,PositionState,upper,27408.9,27100.0,0.0,-308.90000000000146,574.3999999999978,-308.90000000000146,117.18333333333172,150.54999999999927
14535,14535,14667,1693767600000.0,25924.8,26005.4,25918.4,25999.1,1765.007,45829759.4957,2023-09-03 19:00:00,3.99e-06,58283.631,63.19,25928.12,25850.16,25889.14,25967.11,25811.18,26006.09,25772.19,16.9,10.1,6.8,29.85,16.07,19.57,18.2,2420.291500000002,71.0,11.56,42.72,9.14,25899.01,25947.14,PositionState,upper,25999.1,25899.7,0.0,-99.39999999999782,38.10000000000218,-99.39999999999782,-34.84999999999794,-18.7599999999984
14629,14629,14761,1694106000000.0,25815.0,25953.5,25780.0,25917.2,4746.951,122793919.7931,2023-09-07 17:00:00,2.06e-05,58071.322,65.16,25810.99,25691.68,25751.34,25870.64,25632.03,25930.29,25572.38,18.99,3.8,15.18,25.67,10.11,29.46,31.17,2962.6812142857166,208.26,17.45,62.5,5.52,25743.93,25846.71,PositionState,upper,25917.2,26033.4,0.0,116.20000000000071,427.8999999999978,-46.70000000000073,238.96470588235195,275.4400000000023
14793,14793,14925,1694696400000.0,26447.3,26777.0,26443.7,26567.9,25122.439,668775710.9261,2023-09-14 13:00:00,-3.89e-06,63543.023,66.25,26416.22,26171.01,26293.61,26538.82,26048.41,26661.42,25925.8,96.07,77.92,18.15,37.3,7.68,42.68,40.38,5854.261214285717,1699.3,28.86,83.34,5.55,26346.61,26487.33,PositionState,upper,26567.9,26468.7,0.0,-99.20000000000071,148.1999999999971,-99.20000000000071,21.83333333333212,18.11999999999898
14879,14879,15011,1695006000000.0,26650.3,26673.1,26569.7,26647.1,2632.95,70106723.8892,2023-09-18 03:00:00,1.53e-06,58436.683,62.74,26581.9,26462.46,26522.18,26641.62,26402.74,26701.34,26343.01,9.71,-4.9,14.61,28.33,17.67,19.76,15.65,2398.5605000000023,97.98,13.15,63.52,17.73,26509.05,26601.82,PositionState,upper,26647.1,26748.9,0.0,101.80000000000292,718.0,-32.0,298.0533333333348,392.7400000000016
15102,15102,15234,1695808800000.0,26383.6,26479.7,26328.5,26427.3,10190.823,269150049.0898,2023-09-27 10:00:00,2.315e-05,62336.981,67.75,26333.01,26185.41,26259.21,26406.81,26111.61,26480.61,26037.81,26.76,3.59,23.17,32.51,10.72,18.13,15.3,2280.724000000001,422.68,17.68,106.48,16.57,26277.64,26370.31,PositionState,upper,26427.3,26182.9,0.0,-244.39999999999785,318.5,-244.39999999999785,106.60000000000072,30.840000000000146
15130,15130,15262,1695909600000.0,26566.5,26900.0,26540.9,26777.3,23873.373,638158594.2586,2023-09-28 14:00:00,-9.43e-06,59649.013,70.22,26573.25,26339.66,26456.46,26690.05,26222.86,26806.85,26106.07,72.51,46.04,26.47,39.86,9.62,27.89,22.47,4687.019500000002,1109.22,33.77,116.52,12.75,26504.98,26647.64,PositionState,upper,26777.3,26878.5,0.0,101.20000000000071,387.7000000000007,0.0,222.43333333333385,285.84000000000015
15197,15197,15329,1696150800000.0,27123.5,27226.3,27123.5,27209.0,4526.0,123044873.0503,2023-10-01 09:00:00,9.189e-05,61194.712,73.1,27103.25,26982.54,27042.89,27163.61,26922.18,27223.97,26861.82,51.12,35.72,15.39,33.13,10.13,26.22,23.94,1445.6258571428586,268.52,17.47,65.58,4.05,27077.87,27157.17,PositionState,upper,27209.0,27058.2,0.0,-150.79999999999927,0.0,-150.79999999999927,-59.94444444444404,-68.5
15210,15210,15342,1696197600000.0,27164.2,28350.0,27138.1,27980.4,42770.353,1189210947.7081,2023-10-01 22:00:00,5.051e-05,59674.11,87.28,27377.0,26987.66,27182.33,27571.68,26792.98,27766.35,26598.31,95.58,48.06,47.52,61.66,8.51,25.24,25.73,5205.163785714288,2935.03,84.01,557.11,56.23,27201.45,27554.18,PositionState,upper,27980.4,27988.1,0.0,7.69999999999709,570.0,-77.60000000000218,146.9105263157879,532.8600000000006
15269,15269,15401,1696410000000.0,27507.9,27635.0,27497.5,27618.6,3936.577,108505940.6321,2023-10-04 09:00:00,7.308e-05,63372.412,59.56,27525.2,27370.02,27447.61,27602.79,27292.43,27680.38,27214.84,-15.88,-52.11,36.23,24.93,21.95,28.08,31.9,3713.068142857144,-206.5,18.0,60.08,8.52,27431.41,27541.18,PositionState,upper,27618.6,27406.5,0.0,-212.09999999999852,0.0,-212.09999999999852,-86.43999999999869,-62.4900000000016
15297,15297,15429,1696510800000.0,27711.0,28088.0,27711.0,27975.3,24495.818,684419006.4111,2023-10-05 13:00:00,7.741e-05,65945.077,71.09,27763.21,27595.17,27679.19,27847.23,27511.16,27931.24,27427.14,63.95,48.09,15.85,36.64,12.19,24.37,24.07,4158.203285714287,1534.57,31.16,77.59,16.35,27701.33,27840.97,PositionState,upper,27975.3,27537.3,0.0,-438.0,0.0,-438.0,-155.5,-125.38000000000102
15357,15357,15489,1696726800000.0,27954.6,28011.9,27930.0,28000.7,1521.356,42560291.4181,2023-10-08 01:00:00,-8.017e-05,64351.964,62.06,27953.05,27879.96,27916.51,27989.6,27843.42,28026.15,27806.87,32.62,33.4,-0.78,23.51,13.55,16.77,17.94,1326.544571428573,-10.96,8.85,21.7,4.61,27921.61,27971.93,PositionState,upper,28000.7,27915.8,0.0,-84.90000000000146,45.09999999999855,-84.90000000000146,-10.550000000001091,-6.31000000000131
15497,15497,15629,1697230800000.0,26971.7,27120.1,26836.0,27000.1,13650.192,368451186.5211,2023-10-13 21:00:00,0.0001,69035.492,62.52,26891.21,26739.34,26815.28,26967.14,26663.41,27043.07,26587.48,22.59,1.67,20.91,32.2,11.11,24.6,22.53,4713.982142857144,597.27,19.45,102.81,13.26,26812.73,26932.86,PositionState,upper,27000.1,26859.4,0.0,-140.6999999999971,0.0,-178.89999999999782,-115.96363636363476,-56.72000000000117
15541,15541,15673,1697389200000.0,26913.0,27014.8,26910.9,26970.0,4265.585,115005222.3482,2023-10-15 17:00:00,8.953e-05,67591.947,67.04,26909.0,26847.2,26878.1,26939.9,26816.3,26970.81,26785.39,12.04,4.15,7.89,38.98,15.63,19.32,18.87,1417.277285714287,262.84,9.66,33.95,12.65,26879.78,26929.85,PositionState,upper,26970.0,28204.2,0.0,1234.2000000000007,1563.7000000000007,0.0,926.8795454545456,1386.4900000000016
15601,15601,15733,1697605200000.0,28714.4,28848.8,28615.0,28680.0,12070.867,346551165.0504,2023-10-18 05:00:00,-1.695e-05,58264.699,63.51,28560.77,28325.43,28443.1,28678.44,28207.76,28796.11,28090.09,99.06,90.3,8.76,33.78,11.41,37.45,45.33,4737.17592857143,337.9,24.93,131.18,10.42,28479.28,28632.3,PositionState,upper,28680.0,28246.0,0.0,-434.0,0.0,-434.0,-158.65999999999983,-232.0699999999997
15630,15630,15762,1697709600000.0,28386.6,28507.7,28350.0,28461.7,8636.859,245628386.8101,2023-10-19 10:00:00,-2.73e-06,60928.954,59.49,28384.89,28259.18,28322.03,28447.75,28196.32,28510.61,28133.46,5.41,-14.94,20.35,23.8,17.72,12.71,15.29,2859.697214285716,387.58,14.69,49.86,6.84,28305.33,28402.95,PositionState,upper,28461.7,29850.0,0.0,1388.2999999999993,1732.7000000000007,-20.799999999999272,945.964615384615,1487.1100000000006
15718,15718,15850,1698026400000.0,30332.9,30383.0,30166.3,30361.4,5684.288,172067005.6204,2023-10-23 02:00:00,5.084e-05,59485.282,68.94,30147.5,29826.23,29986.86,30308.13,29665.59,30468.77,29504.95,87.51,39.23,48.28,36.3,13.13,22.18,25.65,4570.583142857145,260.6,39.42,220.06,10.19,30008.24,30270.08,PositionState,upper,30361.4,33667.8,0.0,3306.400000000001,4223.299999999996,0.0,2184.606976744185,3483.1699999999983
15777,15777,15909,1698238800000.0,34357.2,34733.0,34285.1,34497.4,16063.711,553888667.9216,2023-10-25 13:00:00,0.0001,59024.254,62.53,34279.99,33895.27,34087.63,34472.34,33702.91,34664.7,33510.55,213.57,230.8,-17.23,28.66,12.33,35.56,40.63,6577.515285714288,597.6,43.13,127.05,2.51,34160.24,34383.63,PositionState,upper,34497.4,34537.5,0.0,40.09999999999855,362.5,-11.099999999998545,166.95294117646912,253.2200000000012
15872,15872,16004,1698580800000.0,34270.0,34449.3,34270.0,34446.0,3926.318,134957717.8788,2023-10-29 12:00:00,0.0001,59742.211,68.05,34269.33,34060.8,34165.06,34373.6,33956.53,34477.86,33852.26,54.08,24.09,29.98,33.55,11.84,23.83,24.38,1636.6795000000022,197.67,29.56,127.66,7.29,34188.14,34340.07,PositionState,upper,34446.0,34346.2,0.0,-99.80000000000292,274.0,-99.80000000000292,64.80666666666657,76.04000000000087
15953,15953,16085,1698872400000.0,35500.2,35749.8,35143.8,35422.9,23400.294,828217224.6526,2023-11-01 21:00:00,0.0001,57098.73,69.28,34985.58,34345.55,34665.56,35305.59,34025.53,35625.61,33705.52,150.93,52.59,98.34,39.92,7.86,27.46,18.83,11775.8275,1488.06,79.7,620.67,11.39,34691.05,35225.52,PositionState,upper,35422.9,34951.5,0.0,-471.4000000000015,289.40000000000146,-471.4000000000015,-30.523529411765647,-57.96999999999389
16026,16026,16158,1699135200000.0,34799.7,35192.0,34799.7,35169.3,9106.485,319082048.419,2023-11-04 22:00:00,0.0001,59532.491,71.31,34879.61,34681.51,34780.56,34978.65,34582.46,35077.7,34483.42,55.13,28.9,26.23,33.41,12.54,13.87,14.53,2080.4122142857163,407.65,40.91,230.25,17.9,34800.56,34974.59,PositionState,upper,35169.3,34851.5,0.0,-317.8000000000029,127.79999999999563,-317.8000000000029,-65.26875000000246,8.060000000004948
16069,16069,16387,1699959600000.0,36520.2,36535.3,36255.3,36287.6,8099.369,294460000.1915,2023-11-14 11:00:00,0.00017047,58409.592,34.62,35735.95,34874.39,35305.17,36166.73,34443.61,36597.5,34012.84,227.7,93.89,133.81,42.24,15.3,18.82,17.93,4541.780071428574,384.85,103.4,836.58,18.89,35450.22,36058.89,PositionState,upper,36287.6,35253.5,0.0,-1034.0999999999983,328.40000000000146,-1034.0999999999983,-81.24999999999909,-323.4799999999959
16100,16100,16418,1700071200000.0,36505.7,37583.5,36461.8,37427.3,54659.539,2028484086.3161,2023-11-15 18:00:00,0.0001,56576.527,77.99,36609.49,35634.22,36121.86,37097.12,35146.59,37584.76,34658.95,309.98,186.09,123.88,46.01,13.07,24.78,25.83,9174.345071428574,3752.94,137.41,654.61,17.54,36373.94,36923.06,PositionState,upper,37427.3,37158.4,0.0,-268.90000000000146,466.59999999999854,-268.90000000000146,75.21052631578756,314.3600000000006
16169,16169,16487,1700319600000.0,36524.1,36699.0,36519.0,36675.6,3578.883,131043345.6969,2023-11-18 15:00:00,0.0001,56019.445,59.83,36546.89,36368.66,36457.78,36636.01,36279.55,36725.13,36190.43,27.63,2.97,24.65,23.71,16.04,10.1,13.32,1855.3395714285737,170.02,22.93,60.13,6.66,36482.07,36581.43,PositionState,upper,36675.6,36531.2,0.0,-144.40000000000146,51.0,-144.40000000000146,-32.49999999999909,-11.37999999999738
16196,16196,16514,1700416800000.0,36620.4,36936.7,36602.9,36854.9,6104.834,224615249.6539,2023-11-19 18:00:00,0.0001,56261.519,67.04,36672.01,36495.84,36583.92,36760.09,36407.76,36848.18,36319.67,32.59,15.29,17.3,34.69,17.49,12.9,11.92,2204.8272142857163,375.4,28.51,125.77,15.13,36569.9,36721.02,PositionState,upper,36854.9,37374.6,0.0,519.6999999999971,770.0,0.0,448.10833333333215,693.0300000000061
16269,16269,16587,1700679600000.0,37209.6,37456.6,37127.7,37299.9,9408.936,350964978.3804,2023-11-22 19:00:00,0.0001,54433.369,64.49,36979.03,36412.5,36695.77,37262.3,36129.23,37545.56,35845.97,27.9,-77.66,105.57,27.88,15.31,23.81,26.88,6267.677785714288,511.8,63.59,200.13,15.02,36682.46,37087.39,PositionState,upper,37299.9,37249.4,0.0,-50.5,362.09999999999854,-50.5,113.03157894736644,228.8000000000029
16410,16410,16728,1701187200000.0,37522.0,37975.0,37522.0,37893.3,18193.606,686679425.2747,2023-11-28 16:00:00,0.0001,60606.085,70.62,37483.7,37051.11,37267.4,37699.99,36834.81,37916.29,36618.52,99.01,14.93,84.07,33.75,10.79,24.46,27.22,4816.930071428574,1181.23,65.88,250.48,13.03,37315.08,37661.84,PositionState,upper,37893.3,37824.7,0.0,-68.60000000000582,456.7999999999956,-73.30000000000291,147.86086956521436,315.8000000000029
16468,16468,16786,1701396000000.0,37945.1,38093.5,37864.0,37991.4,4355.983,165438984.7579,2023-12-01 02:00:00,0.0001,60014.095,60.5,37884.47,37691.75,37788.11,37980.83,37595.39,38077.19,37499.03,5.71,-21.99,27.71,23.8,16.02,16.19,14.36,3905.600214285717,66.71,21.4,76.24,11.24,37778.56,37907.2,PositionState,upper,37991.4,41542.1,0.0,3550.699999999997,4072.799999999996,0.0,1820.6931372549004,3769.220000000001
16577,16577,16895,1701788400000.0,42206.0,42573.1,42107.6,42284.8,14644.856,619699900.8095,2023-12-05 15:00:00,0.0001,63176.976,65.79,41990.65,41626.47,41808.56,42172.74,41444.38,42354.83,41262.29,191.9,192.67,-0.77,33.41,11.45,36.71,43.17,5520.7832857142885,664.17,50.12,183.11,6.11,41833.73,42149.94,PositionState,upper,42284.8,43768.3,0.0,1483.5,2032.5,0.0,1522.2799999999977,1729.489999999998
16646,16646,16964,1702036800000.0,43708.0,43855.6,43565.0,43785.9,6122.778,267616788.5012,2023-12-08 12:00:00,0.00044041,64151.996,59.44,43620.98,43301.3,43461.14,43780.82,43141.47,43940.66,42981.63,-5.81,-52.5,46.69,22.73,18.18,20.9,23.26,3580.24335714286,267.63,34.18,59.36,10.61,43431.37,43647.41,PositionState,upper,43785.9,43874.5,0.0,88.59999999999854,786.5999999999985,-182.0,299.1476190476176,413.4499999999971
16895,16895,17213,1702933200000.0,41992.3,42810.6,41973.4,42648.3,17932.12,761233702.4839,2023-12-18 21:00:00,0.00010731,57090.346,68.1,42009.53,41180.52,41595.03,42424.04,40766.02,42838.54,40351.51,98.55,-64.49,163.05,34.84,14.47,26.71,32.25,8259.071928571431,1011.8,110.86,617.31,17.35,41696.92,42231.6,PositionState,upper,42648.3,42396.0,0.0,-252.3000000000029,701.0999999999985,-252.3000000000029,281.97777777777486,445.4000000000015
16936,16936,17254,1703080800000.0,43807.4,44220.8,43633.6,43902.4,22092.962,970858708.1633,2023-12-20 14:00:00,0.0001,58311.062,73.75,43360.04,42478.87,42919.46,43800.62,42038.29,44241.21,41597.71,262.26,144.54,117.72,38.47,8.61,27.22,23.91,6783.224500000003,1402.66,103.47,528.16,18.5,43113.48,43639.11,PositionState,upper,43902.4,43421.3,0.0,-481.09999999999854,277.59999999999854,-481.09999999999854,-169.90769230769365,-145.01000000000204
17228,17228,17546,1704132000000.0,42852.4,43279.0,42852.3,43153.8,7712.586,332495893.6479,2024-01-01 18:00:00,0.00037274,57760.117,67.9,42896.88,42496.29,42696.58,43097.17,42296.0,43297.46,42095.71,117.08,75.96,41.12,32.02,11.87,16.78,15.76,2156.8300714285747,422.31,48.12,147.2,11.58,42797.11,42981.47,PositionState,upper,43153.8,44823.8,0.0,1670.0,2664.0999999999985,0.0,1806.6962962962937,2002.0999999999983
17300,17300,17618,1704380400000.0,43703.7,44390.0,43622.8,44089.9,20745.342,913625150.2705,2024-01-04 15:00:00,0.0001,60478.174,65.14,43630.03,42987.1,43308.57,43951.49,42665.64,44272.96,42344.17,24.54,-134.44,158.99,27.55,19.42,32.35,37.94,5950.603928571431,1245.46,82.25,460.31,12.77,43287.92,43800.64,PositionState,upper,44089.9,43389.5,0.0,-700.4000000000015,366.09999999999854,-700.4000000000015,-19.318181818181817,5.940000000002328
17371,17371,17689,1704636000000.0,44426.7,44509.6,44286.0,44418.9,4205.604,186709718.8261,2024-01-07 14:00:00,0.0001,58512.968,67.32,44207.97,43899.81,44053.89,44362.04,43745.73,44516.12,43591.65,108.63,69.84,38.79,26.01,12.85,11.34,11.34,2268.9442142857174,-18.0,38.41,254.26,7.74,44122.16,44332.63,PositionState,upper,44418.9,43922.8,0.0,-496.09999999999854,0.0,-496.09999999999854,-284.6666666666667,-272.82999999999447
17393,17393,17711,1704715200000.0,44653.9,45211.1,44296.1,45118.0,29919.653,1341776121.9539,2024-01-08 12:00:00,0.0001,59022.162,70.54,44451.45,43669.83,44060.64,44842.26,43279.02,45233.07,42888.21,122.4,-3.27,125.68,34.85,14.62,20.79,16.55,7749.960071428575,1746.05,111.3,581.84,13.64,44070.96,44710.18,PositionState,upper,45118.0,46186.3,0.0,1068.300000000003,1964.0,-319.3000000000029,1239.0400000000006,1679.4599999999991
